index_id,product_id,ticket_id,paid_by,item,rating,food_rating,service_rating,price
0,2208462,6390661,U1027,Bramblewood Blackberry Pie,2,1,0,2
1,5436564,6390661,U1027,Roasted Vegetables,2,1,0,6
2,2186602,6390661,U1137,Grilled Salmon and Spinach Salad with Peach Dressing,2,1,0,5
3,2662619,6390661,U1086,Cowboy Nachos,2,1,0,6
4,4252503,6390661,U1027,The Munroe Melt,2,1,0,6
5,1970456,6390661,U1089,Roasted-Garlic Mashed Potatoes,2,1,0,2
6,7512788,6390661,U1137,Dave's BBQ Sauce,2,1,0,4
7,4798509,6390661,U1137,Curried Chicken Salad,2,1,0,2
8,9580009,6390661,U1033,Lemon Asparagus,2,1,0,2
9,5227098,6390661,U1114,Blackberry Limeade,2,1,0,6
10,7668584,6390661,U1086,Sweet and Spicy Chinese Takeout Chicken,1,1,1,10
11,2199744,6390661,U1027,Easy Chinese Soy Sauce Chicken,1,1,1,9
12,8633036,6390661,U1086,MAMA’S BRAISED CHICKEN LEGS ON RICE W/ FRIED CHILI CAPERS,1,1,1,11
13,5430038,9648390,U1123,Cilantro-Lime Rice,1,2,1,4
14,5430038,9648390,U1068,Cilantro-Lime Rice,1,1,1,6
15,213517,9648390,U1067,Sherry's Wild West Soup,1,2,1,3
16,213517,9648390,U1123,Sherry's Wild West Soup,1,1,1,3
17,3341164,9648390,U1068,Cotija and Corn Tacos with Lime and Mango,1,2,1,5
18,3341164,9648390,U1068,Cotija and Corn Tacos with Lime and Mango,1,1,1,5
19,2552596,9648390,U1067,Mexican Beef and Cheese Wontons with Salsa,1,2,1,4
20,2552596,9648390,U1067,Mexican Beef and Cheese Wontons with Salsa,1,1,1,6
21,817513,9648390,U1103,Mexican-style Lasagna,1,2,1,3
22,817513,9648390,U1123,Mexican-style Lasagna,1,1,1,6
23,9635009,9648390,U1103,Mexican Ham and Bean Soup,1,2,1,6
24,9635009,9648390,U1068,Mexican Ham and Bean Soup,1,1,1,2
25,5613349,9648390,U1068,Mexican Style Jalapeno Burger,1,2,1,3
26,5430038,1778290,U1082,Cilantro-Lime Rice,0,0,0,6
27,5430038,1778290,U1070,Cilantro-Lime Rice,2,2,1,6
28,5430038,1778290,U1082,Cilantro-Lime Rice,1,2,0,8
29,213517,1778290,U1123,Sherry's Wild West Soup,0,0,0,4
30,213517,1778290,U1082,Sherry's Wild West Soup,2,2,1,6
31,213517,1778290,U1123,Sherry's Wild West Soup,1,2,0,11
32,3341164,1778290,U1070,Cotija and Corn Tacos with Lime and Mango,0,0,0,6
33,3341164,1778290,U1070,Cotija and Corn Tacos with Lime and Mango,2,2,1,2
34,3341164,1778290,U1123,Cotija and Corn Tacos with Lime and Mango,1,2,0,12
35,2552596,1778290,U1070,Mexican Beef and Cheese Wontons with Salsa,0,0,0,2
36,2552596,1778290,U1123,Mexican Beef and Cheese Wontons with Salsa,2,2,1,6
37,2552596,1778290,U1070,Mexican Beef and Cheese Wontons with Salsa,1,2,0,9
38,5430038,7343438,U1081,Cilantro-Lime Rice,2,2,2,8
39,5430038,7343438,U1076,Cilantro-Lime Rice,1,2,2,7
40,213517,7343438,U1056,Sherry's Wild West Soup,2,2,2,13
41,213517,7343438,U1056,Sherry's Wild West Soup,1,2,2,13
42,3341164,7343438,U1076,Cotija and Corn Tacos with Lime and Mango,2,2,2,8
43,3341164,7343438,U1076,Cotija and Corn Tacos with Lime and Mango,1,2,2,7
44,2552596,7343438,U1116,Mexican Beef and Cheese Wontons with Salsa,2,2,2,8
45,2552596,7343438,U1056,Mexican Beef and Cheese Wontons with Salsa,1,2,2,9
46,817513,7343438,U1076,Mexican-style Lasagna,2,2,2,12
47,817513,7343438,U1076,Mexican-style Lasagna,1,2,2,14
48,9635009,7343438,U1076,Mexican Ham and Bean Soup,2,2,2,7
49,5430038,2230542,U1021,Cilantro-Lime Rice,1,1,1,2
50,5430038,2230542,U1060,Cilantro-Lime Rice,1,1,1,6
51,213517,2230542,U1068,Sherry's Wild West Soup,1,1,1,6
52,213517,2230542,U1023,Sherry's Wild West Soup,1,1,1,3
53,3341164,2230542,U1068,Cotija and Corn Tacos with Lime and Mango,1,1,1,4
54,3341164,2230542,U1068,Cotija and Corn Tacos with Lime and Mango,1,1,1,5
55,2552596,2230542,U1021,Mexican Beef and Cheese Wontons with Salsa,1,1,1,3
56,2552596,2230542,U1068,Mexican Beef and Cheese Wontons with Salsa,1,1,1,6
57,817513,2230542,U1021,Mexican-style Lasagna,1,1,1,5
58,817513,2230542,U1060,Mexican-style Lasagna,1,1,1,6
59,5430038,5289403,U1030,Cilantro-Lime Rice,2,2,2,12
60,213517,5289403,U1030,Sherry's Wild West Soup,2,2,2,12
61,3341164,5289403,U1051,Cotija and Corn Tacos with Lime and Mango,2,2,2,9
62,2208462,4247650,U1013,Bramblewood Blackberry Pie,1,2,2,11
63,2208462,4247650,U1083,Bramblewood Blackberry Pie,1,2,2,11
64,5430038,105554,U1103,Cilantro-Lime Rice,0,0,0,4
65,213517,105554,U1067,Sherry's Wild West Soup,0,0,0,6
66,2208462,4247650,U1084,Bramblewood Blackberry Pie,1,2,2,11
67,2208462,4247650,U1084,Bramblewood Blackberry Pie,1,2,2,11
68,5436564,4247650,U1084,Roasted Vegetables,1,2,2,14
69,5436564,4247650,U1095,Roasted Vegetables,1,2,2,14
70,2186602,4247650,U1013,Grilled Salmon and Spinach Salad with Peach Dressing,1,2,2,9
71,2186602,4247650,U1095,Grilled Salmon and Spinach Salad with Peach Dressing,1,2,2,9
72,2662619,4247650,U1013,Cowboy Nachos,1,2,2,14
73,2662619,4247650,U1083,Cowboy Nachos,1,2,2,14
74,4252503,4247650,U1013,The Munroe Melt,1,2,2,11
75,4252503,4247650,U1095,The Munroe Melt,1,2,2,11
76,1970456,4247650,U1084,Roasted-Garlic Mashed Potatoes,1,2,2,13
77,1970456,4247650,U1095,Roasted-Garlic Mashed Potatoes,1,2,2,13
78,5430038,8596282,U1031,Cilantro-Lime Rice,0,2,0,11
79,213517,8596282,U1031,Sherry's Wild West Soup,0,2,0,14
80,3341164,8596282,U1031,Cotija and Corn Tacos with Lime and Mango,0,2,0,12
81,2552596,8596282,U1026,Mexican Beef and Cheese Wontons with Salsa,0,2,0,11
82,817513,8596282,U1031,Mexican-style Lasagna,0,2,0,7
83,9635009,8596282,U1065,Mexican Ham and Bean Soup,0,2,0,10
84,5613349,8596282,U1065,Mexican Style Jalapeno Burger,0,2,0,11
85,5430038,2784333,U1083,Cilantro-Lime Rice,1,1,1,10
86,213517,2784333,U1083,Sherry's Wild West Soup,1,1,1,8
87,5430038,1213749,U1003,Cilantro-Lime Rice,2,2,2,3
88,5430038,1213749,U1137,Cilantro-Lime Rice,1,1,1,10
89,5430038,105554,U1067,Cilantro-Lime Rice,0,0,0,4
90,213517,105554,U1103,Sherry's Wild West Soup,0,0,0,6
91,3341164,105554,U1068,Cotija and Corn Tacos with Lime and Mango,0,0,0,5
92,2552596,105554,U1067,Mexican Beef and Cheese Wontons with Salsa,0,0,0,6
93,817513,105554,U1067,Mexican-style Lasagna,0,0,0,5
94,9635009,105554,U1067,Mexican Ham and Bean Soup,0,0,0,6
95,5613349,105554,U1067,Mexican Style Jalapeno Burger,0,0,0,6
96,5257024,105554,U1067,Layered Chicken and Black Bean Enchilada Casserole,0,0,0,5
97,9396622,105554,U1103,Mexican Bean Pizza,0,0,0,3
98,6186658,105554,U1067,Lobster and Crab Enchiladas,0,0,0,3
99,5430038,54171,U1068,Cilantro-Lime Rice,0,0,0,3
100,5430038,54171,U1123,Cilantro-Lime Rice,2,2,1,3
101,213517,54171,U1021,Sherry's Wild West Soup,0,0,0,3
102,5430038,1436916,U1037,Cilantro-Lime Rice,1,0,2,11
103,213517,1436916,U1069,Sherry's Wild West Soup,1,0,2,11
104,5430038,5001975,U1067,Cilantro-Lime Rice,1,2,1,4
105,5430038,5001975,U1107,Cilantro-Lime Rice,0,0,0,14
106,213517,5001975,U1123,Sherry's Wild West Soup,1,2,1,3
107,213517,5001975,U1123,Sherry's Wild West Soup,0,0,0,12
108,3341164,5001975,U1067,Cotija and Corn Tacos with Lime and Mango,1,2,1,5
109,3341164,5001975,U1107,Cotija and Corn Tacos with Lime and Mango,0,0,0,8
110,2552596,5001975,U1067,Mexican Beef and Cheese Wontons with Salsa,1,2,1,4
111,2552596,5001975,U1123,Mexican Beef and Cheese Wontons with Salsa,0,0,0,13
112,817513,5001975,U1103,Mexican-style Lasagna,1,2,1,3
113,2208462,466093,U1052,Bramblewood Blackberry Pie,1,0,2,5
114,5436564,466093,U1008,Roasted Vegetables,1,0,2,6
115,2186602,466093,U1008,Grilled Salmon and Spinach Salad with Peach Dressing,1,0,2,5
116,2662619,466093,U1052,Cowboy Nachos,1,0,2,4
117,4252503,466093,U1069,The Munroe Melt,1,0,2,2
118,1970456,466093,U1052,Roasted-Garlic Mashed Potatoes,1,0,2,2
119,7512788,466093,U1052,Dave's BBQ Sauce,1,0,2,5
120,4798509,466093,U1069,Curried Chicken Salad,1,0,2,2
121,9580009,466093,U1069,Lemon Asparagus,1,0,2,2
122,5430038,8543491,U1103,Cilantro-Lime Rice,0,0,0,3
123,5430038,5933155,U1046,Cilantro-Lime Rice,1,2,1,2
124,5430038,5933155,U1083,Cilantro-Lime Rice,2,2,2,36
125,213517,5933155,U1134,Sherry's Wild West Soup,1,2,1,3
126,213517,5933155,U1046,Sherry's Wild West Soup,2,2,2,25
127,3341164,5933155,U1083,Cotija and Corn Tacos with Lime and Mango,1,2,1,2
128,3341164,5933155,U1083,Cotija and Corn Tacos with Lime and Mango,2,2,2,26
129,2552596,5933155,U1083,Mexican Beef and Cheese Wontons with Salsa,1,2,1,5
130,2552596,5933155,U1134,Mexican Beef and Cheese Wontons with Salsa,2,2,2,44
131,817513,5933155,U1134,Mexican-style Lasagna,1,2,1,6
132,5430038,2422807,U1067,Cilantro-Lime Rice,2,2,2,9
133,5430038,2422807,U1028,Cilantro-Lime Rice,2,2,2,9
134,213517,2422807,U1103,Sherry's Wild West Soup,2,2,2,11
135,213517,2422807,U1068,Sherry's Wild West Soup,2,2,2,13
136,5430038,2085629,U1137,Cilantro-Lime Rice,2,2,2,3
137,5430038,2085629,U1083,Cilantro-Lime Rice,1,1,1,10
138,213517,2085629,U1083,Sherry's Wild West Soup,2,2,2,4
139,213517,2085629,U1083,Sherry's Wild West Soup,1,1,1,8
140,3341164,2085629,U1048,Cotija and Corn Tacos with Lime and Mango,2,2,2,6
141,3341164,2085629,U1003,Cotija and Corn Tacos with Lime and Mango,1,1,1,13
142,2552596,2085629,U1003,Mexican Beef and Cheese Wontons with Salsa,2,2,2,4
143,5430038,8629545,U1111,Cilantro-Lime Rice,0,0,0,9
144,213517,8629545,U1052,Sherry's Wild West Soup,0,0,0,7
145,3341164,8629545,U1111,Cotija and Corn Tacos with Lime and Mango,0,0,0,8
146,2552596,8629545,U1008,Mexican Beef and Cheese Wontons with Salsa,0,0,0,8
147,817513,8629545,U1008,Mexican-style Lasagna,0,0,0,12
148,9635009,8629545,U1008,Mexican Ham and Bean Soup,0,0,0,7
149,5613349,8629545,U1008,Mexican Style Jalapeno Burger,0,0,0,12
150,5430038,5976270,U1076,Cilantro-Lime Rice,0,1,1,13
151,213517,5976270,U1024,Sherry's Wild West Soup,0,1,1,14
152,3341164,5976270,U1132,Cotija and Corn Tacos with Lime and Mango,0,1,1,10
153,2552596,5976270,U1081,Mexican Beef and Cheese Wontons with Salsa,0,1,1,10
154,817513,5976270,U1081,Mexican-style Lasagna,0,1,1,13
155,9635009,5976270,U1024,Mexican Ham and Bean Soup,0,1,1,14
156,5613349,5976270,U1056,Mexican Style Jalapeno Burger,0,1,1,14
157,5257024,5976270,U1116,Layered Chicken and Black Bean Enchilada Casserole,0,1,1,9
158,5430038,5019853,U1080,Cilantro-Lime Rice,1,1,1,6
159,5430038,5019853,U1082,Cilantro-Lime Rice,1,1,0,13
160,213517,5019853,U1082,Sherry's Wild West Soup,1,1,1,5
161,213517,5019853,U1082,Sherry's Wild West Soup,1,1,0,11
162,3341164,5019853,U1080,Cotija and Corn Tacos with Lime and Mango,1,1,1,3
163,3341164,5019853,U1070,Cotija and Corn Tacos with Lime and Mango,1,1,0,12
164,2552596,5019853,U1123,Mexican Beef and Cheese Wontons with Salsa,1,1,1,4
165,2552596,5019853,U1082,Mexican Beef and Cheese Wontons with Salsa,1,1,0,11
166,817513,5019853,U1123,Mexican-style Lasagna,1,1,1,3
167,817513,5019853,U1080,Mexican-style Lasagna,1,1,0,8
168,9635009,5019853,U1070,Mexican Ham and Bean Soup,1,1,1,2
169,9635009,5019853,U1080,Mexican Ham and Bean Soup,1,1,0,13
170,5430038,54171,U1060,Cilantro-Lime Rice,0,0,0,3
171,5430038,54171,U1021,Cilantro-Lime Rice,2,2,1,3
172,213517,54171,U1021,Sherry's Wild West Soup,0,0,0,3
173,213517,54171,U1123,Sherry's Wild West Soup,2,2,1,6
174,3341164,54171,U1060,Cotija and Corn Tacos with Lime and Mango,0,0,0,2
175,3341164,54171,U1123,Cotija and Corn Tacos with Lime and Mango,2,2,1,2
176,2552596,54171,U1021,Mexican Beef and Cheese Wontons with Salsa,0,0,0,2
177,2552596,54171,U1068,Mexican Beef and Cheese Wontons with Salsa,2,2,1,4
178,817513,54171,U1060,Mexican-style Lasagna,0,0,0,6
179,817513,54171,U1060,Mexican-style Lasagna,2,2,1,5
180,9635009,54171,U1021,Mexican Ham and Bean Soup,0,0,0,5
181,9635009,54171,U1060,Mexican Ham and Bean Soup,2,2,1,4
182,5613349,54171,U1021,Mexican Style Jalapeno Burger,0,0,0,3
183,5613349,54171,U1123,Mexican Style Jalapeno Burger,2,2,1,2
184,5257024,54171,U1068,Layered Chicken and Black Bean Enchilada Casserole,0,0,0,5
185,3035102,6769062,U1074,Udon-Beef Noodle Bowl,2,2,2,7
186,9985242,6769062,U1093,Fettuccine Carbonara,2,2,2,14
187,9948063,6769062,U1093,Sushi Deviled Eggs | Elegant Appetizers,2,2,2,13
188,5430038,9000916,U1026,Cilantro-Lime Rice,2,2,2,4
189,5430038,6493352,U1082,Cilantro-Lime Rice,0,0,0,3
190,213517,6493352,U1082,Sherry's Wild West Soup,0,0,0,3
191,3341164,6493352,U1082,Cotija and Corn Tacos with Lime and Mango,0,0,0,2
192,2552596,6493352,U1068,Mexican Beef and Cheese Wontons with Salsa,0,0,0,2
193,817513,6493352,U1067,Mexican-style Lasagna,0,0,0,6
194,9635009,6493352,U1082,Mexican Ham and Bean Soup,0,0,0,5
195,5613349,6493352,U1067,Mexican Style Jalapeno Burger,0,0,0,3
196,5257024,6493352,U1103,Layered Chicken and Black Bean Enchilada Casserole,0,0,0,5
197,9396622,6493352,U1082,Mexican Bean Pizza,0,0,0,5
198,5430038,2230542,U1050,Cilantro-Lime Rice,1,1,1,2
199,5430038,2230542,U1060,Cilantro-Lime Rice,1,1,1,6
200,213517,2230542,U1123,Sherry's Wild West Soup,1,1,1,6
201,213517,2230542,U1060,Sherry's Wild West Soup,1,1,1,3
202,3341164,2230542,U1021,Cotija and Corn Tacos with Lime and Mango,1,1,1,4
203,3341164,2230542,U1123,Cotija and Corn Tacos with Lime and Mango,1,1,1,5
204,2552596,2230542,U1123,Mexican Beef and Cheese Wontons with Salsa,1,1,1,3
205,2552596,2230542,U1123,Mexican Beef and Cheese Wontons with Salsa,1,1,1,6
206,5430038,4625314,U1046,Cilantro-Lime Rice,2,1,1,14
207,213517,4625314,U1046,Sherry's Wild West Soup,2,1,1,12
208,3341164,4625314,U1134,Cotija and Corn Tacos with Lime and Mango,2,1,1,13
209,2552596,4625314,U1134,Mexican Beef and Cheese Wontons with Salsa,2,1,1,9
210,817513,4625314,U1083,Mexican-style Lasagna,2,1,1,11
211,9635009,4625314,U1134,Mexican Ham and Bean Soup,2,1,1,9
212,5613349,4625314,U1046,Mexican Style Jalapeno Burger,2,1,1,7
213,5430038,9505674,U1035,Cilantro-Lime Rice,2,1,2,2
214,5430038,9505674,U1072,Cilantro-Lime Rice,2,1,2,2
215,213517,9505674,U1072,Sherry's Wild West Soup,2,1,2,5
216,213517,9505674,U1117,Sherry's Wild West Soup,2,1,2,5
217,5430038,654250,U1008,Cilantro-Lime Rice,0,0,0,9
218,5430038,654250,U1052,Cilantro-Lime Rice,0,0,0,9
219,213517,654250,U1069,Sherry's Wild West Soup,0,0,0,7
220,213517,654250,U1008,Sherry's Wild West Soup,0,0,0,7
221,3341164,654250,U1052,Cotija and Corn Tacos with Lime and Mango,0,0,0,8
222,3341164,654250,U1069,Cotija and Corn Tacos with Lime and Mango,0,0,0,8
223,5430038,7711833,U1067,Cilantro-Lime Rice,0,0,0,4
224,213517,7711833,U1082,Sherry's Wild West Soup,0,0,0,6
225,3341164,7711833,U1082,Cotija and Corn Tacos with Lime and Mango,0,0,0,5
226,2552596,7711833,U1068,Mexican Beef and Cheese Wontons with Salsa,0,0,0,6
227,5430038,9648390,U1067,Cilantro-Lime Rice,1,2,1,4
228,5430038,9648390,U1067,Cilantro-Lime Rice,1,1,1,6
229,5430038,8635771,U1009,Cilantro-Lime Rice,2,2,2,12
230,213517,8635771,U1053,Sherry's Wild West Soup,2,2,2,13
231,3341164,8635771,U1122,Cotija and Corn Tacos with Lime and Mango,2,2,2,13
232,2552596,8635771,U1029,Mexican Beef and Cheese Wontons with Salsa,2,2,2,11
233,817513,8635771,U1106,Mexican-style Lasagna,2,2,2,11
234,9635009,8635771,U1055,Mexican Ham and Bean Soup,2,2,2,8
235,5613349,8635771,U1134,Mexican Style Jalapeno Burger,2,2,2,14
236,5430038,8090349,U1046,Cilantro-Lime Rice,2,2,2,12
237,213517,8090349,U1083,Sherry's Wild West Soup,2,2,2,10
238,3341164,8090349,U1083,Cotija and Corn Tacos with Lime and Mango,2,2,2,11
239,2552596,8090349,U1134,Mexican Beef and Cheese Wontons with Salsa,2,2,2,10
240,817513,8090349,U1134,Mexican-style Lasagna,2,2,2,9
241,9635009,8090349,U1134,Mexican Ham and Bean Soup,2,2,2,14
242,5613349,8090349,U1083,Mexican Style Jalapeno Burger,2,2,2,12
243,5257024,8090349,U1046,Layered Chicken and Black Bean Enchilada Casserole,2,2,2,14
244,9396622,8090349,U1134,Mexican Bean Pizza,2,2,2,9
245,6186658,8090349,U1134,Lobster and Crab Enchiladas,2,2,2,14
246,3035102,8090349,U1046,Udon-Beef Noodle Bowl,1,2,2,8
247,9985242,8090349,U1083,Fettuccine Carbonara,1,2,2,10
248,9948063,8090349,U1046,Sushi Deviled Eggs | Elegant Appetizers,1,2,2,12
249,9085026,8090349,U1046,Yaki Udon With Beef,1,2,2,12
250,2208462,7184567,U1013,Bramblewood Blackberry Pie,1,2,2,11
251,2208462,7184567,U1084,Bramblewood Blackberry Pie,1,2,2,11
252,5436564,7184567,U1083,Roasted Vegetables,1,2,2,14
253,5436564,7184567,U1095,Roasted Vegetables,1,2,2,14
254,2186602,7184567,U1095,Grilled Salmon and Spinach Salad with Peach Dressing,1,2,2,9
255,5430038,1950167,U1050,Cilantro-Lime Rice,0,0,0,3
256,213517,1950167,U1050,Sherry's Wild West Soup,0,0,0,5
257,3341164,1950167,U1123,Cotija and Corn Tacos with Lime and Mango,0,0,0,5
258,2552596,1950167,U1123,Mexican Beef and Cheese Wontons with Salsa,0,0,0,5
259,817513,1950167,U1123,Mexican-style Lasagna,0,0,0,5
260,9635009,1950167,U1050,Mexican Ham and Bean Soup,0,0,0,6
261,5613349,1950167,U1082,Mexican Style Jalapeno Burger,0,0,0,4
262,5430038,5289403,U1051,Cilantro-Lime Rice,2,2,2,12
263,213517,5289403,U1020,Sherry's Wild West Soup,2,2,2,12
264,3341164,5289403,U1051,Cotija and Corn Tacos with Lime and Mango,2,2,2,9
265,2552596,5289403,U1030,Mexican Beef and Cheese Wontons with Salsa,2,2,2,14
266,817513,5289403,U1051,Mexican-style Lasagna,2,2,2,13
267,5430038,1778290,U1123,Cilantro-Lime Rice,0,0,0,6
268,5430038,1778290,U1070,Cilantro-Lime Rice,2,2,1,6
269,5430038,1778290,U1082,Cilantro-Lime Rice,1,2,0,8
270,213517,1778290,U1123,Sherry's Wild West Soup,0,0,0,4
271,5430038,7711833,U1067,Cilantro-Lime Rice,0,0,0,4
272,5430038,6305639,U1067,Cilantro-Lime Rice,1,1,1,4
273,5430038,6305639,U1067,Cilantro-Lime Rice,1,1,1,4
274,5430038,6305639,U1103,Cilantro-Lime Rice,2,2,2,9
275,213517,6305639,U1107,Sherry's Wild West Soup,1,1,1,5
276,213517,6305639,U1107,Sherry's Wild West Soup,1,1,1,5
277,213517,6305639,U1123,Sherry's Wild West Soup,2,2,2,11
278,3341164,6305639,U1067,Cotija and Corn Tacos with Lime and Mango,1,1,1,5
279,3341164,6305639,U1123,Cotija and Corn Tacos with Lime and Mango,1,1,1,5
280,3341164,6305639,U1107,Cotija and Corn Tacos with Lime and Mango,2,2,2,11
281,2552596,6305639,U1123,Mexican Beef and Cheese Wontons with Salsa,1,1,1,3
282,2552596,6305639,U1107,Mexican Beef and Cheese Wontons with Salsa,1,1,1,3
283,5430038,6389237,U1026,Cilantro-Lime Rice,0,0,0,3
284,213517,6389237,U1031,Sherry's Wild West Soup,0,0,0,2
285,3341164,6389237,U1065,Cotija and Corn Tacos with Lime and Mango,0,0,0,6
286,2552596,6389237,U1129,Mexican Beef and Cheese Wontons with Salsa,0,0,0,4
287,817513,6389237,U1129,Mexican-style Lasagna,0,0,0,2
288,9635009,6389237,U1065,Mexican Ham and Bean Soup,0,0,0,6
289,5613349,6389237,U1026,Mexican Style Jalapeno Burger,0,0,0,4
290,5257024,6389237,U1129,Layered Chicken and Black Bean Enchilada Casserole,0,0,0,3
291,9396622,6389237,U1129,Mexican Bean Pizza,0,0,0,3
292,6186658,6389237,U1026,Lobster and Crab Enchiladas,0,0,0,3
293,524398,1053934,U1071,Pesto Tofu Pasta,2,2,2,2
294,1902691,1053934,U1099,How To Make Panzanella (Italian Bread Salad),2,2,2,6
295,6455481,1053934,U1071,Lemon Focaccia,2,2,2,5
296,7558543,1053934,U1036,Pizza Dough,2,2,2,4
297,3501907,1053934,U1104,Spicy Italian White Bean and Sausage Soup,2,2,2,2
298,5192832,1053934,U1099,Slow-Cooker Cheesy Italian Tortellini,2,2,2,6
299,5430038,892073,U1061,Cilantro-Lime Rice,1,2,1,4
300,213517,892073,U1083,Sherry's Wild West Soup,1,2,1,4
301,3341164,892073,U1083,Cotija and Corn Tacos with Lime and Mango,1,2,1,2
302,2552596,892073,U1095,Mexican Beef and Cheese Wontons with Salsa,1,2,1,4
303,817513,892073,U1083,Mexican-style Lasagna,1,2,1,3
304,9635009,892073,U1061,Mexican Ham and Bean Soup,1,2,1,4
305,5613349,892073,U1061,Mexican Style Jalapeno Burger,1,2,1,4
306,5257024,892073,U1048,Layered Chicken and Black Bean Enchilada Casserole,1,2,1,3
307,9396622,892073,U1061,Mexican Bean Pizza,1,2,1,3
308,6186658,892073,U1048,Lobster and Crab Enchiladas,1,2,1,5
309,2208462,892073,U1083,Bramblewood Blackberry Pie,2,2,2,2
310,5436564,892073,U1048,Roasted Vegetables,2,2,2,4
311,2186602,892073,U1048,Grilled Salmon and Spinach Salad with Peach Dressing,2,2,2,4
312,2662619,892073,U1095,Cowboy Nachos,2,2,2,4
313,5430038,5753937,U1068,Cilantro-Lime Rice,0,0,0,3
314,5430038,5753937,U1068,Cilantro-Lime Rice,1,1,1,2
315,5430038,5753937,U1103,Cilantro-Lime Rice,1,1,1,2
316,213517,5753937,U1068,Sherry's Wild West Soup,0,0,0,3
317,213517,5753937,U1067,Sherry's Wild West Soup,1,1,1,6
318,5430038,3594589,U1107,Cilantro-Lime Rice,1,1,1,6
319,213517,3594589,U1107,Sherry's Wild West Soup,1,1,1,3
320,3341164,3594589,U1067,Cotija and Corn Tacos with Lime and Mango,1,1,1,2
321,2552596,3594589,U1067,Mexican Beef and Cheese Wontons with Salsa,1,1,1,5
322,817513,3594589,U1107,Mexican-style Lasagna,1,1,1,2
323,9635009,3594589,U1067,Mexican Ham and Bean Soup,1,1,1,3
324,5430038,2449776,U1116,Cilantro-Lime Rice,1,1,1,10
325,213517,2449776,U1116,Sherry's Wild West Soup,1,1,1,11
326,3341164,2449776,U1075,Cotija and Corn Tacos with Lime and Mango,1,1,1,7
327,2552596,2449776,U1116,Mexican Beef and Cheese Wontons with Salsa,1,1,1,7
328,817513,2449776,U1116,Mexican-style Lasagna,1,1,1,13
329,9635009,2449776,U1075,Mexican Ham and Bean Soup,1,1,1,8
330,5613349,2449776,U1116,Mexican Style Jalapeno Burger,1,1,1,14
331,5257024,2449776,U1024,Layered Chicken and Black Bean Enchilada Casserole,1,1,1,11
332,5430038,4059108,U1024,Cilantro-Lime Rice,1,1,1,3
333,213517,4059108,U1071,Sherry's Wild West Soup,1,1,1,6
334,3341164,4059108,U1135,Cotija and Corn Tacos with Lime and Mango,1,1,1,2
335,2552596,4059108,U1076,Mexican Beef and Cheese Wontons with Salsa,1,1,1,6
336,817513,4059108,U1016,Mexican-style Lasagna,1,1,1,5
337,9635009,4059108,U1016,Mexican Ham and Bean Soup,1,1,1,3
338,5613349,4059108,U1016,Mexican Style Jalapeno Burger,1,1,1,6
339,5257024,4059108,U1016,Layered Chicken and Black Bean Enchilada Casserole,1,1,1,5
340,9396622,4059108,U1032,Mexican Bean Pizza,1,1,1,5
341,6186658,4059108,U1005,Lobster and Crab Enchiladas,1,1,1,6
342,2208462,4059108,U1036,Bramblewood Blackberry Pie,1,1,2,14
343,5436564,4059108,U1024,Roasted Vegetables,1,1,2,8
344,2186602,4059108,U1106,Grilled Salmon and Spinach Salad with Peach Dressing,1,1,2,11
345,2662619,4059108,U1014,Cowboy Nachos,1,1,2,10
346,5430038,9000916,U1026,Cilantro-Lime Rice,2,2,2,4
347,5430038,9000916,U1039,Cilantro-Lime Rice,0,2,0,11
348,213517,9000916,U1026,Sherry's Wild West Soup,2,2,2,5
349,213517,9000916,U1065,Sherry's Wild West Soup,0,2,0,14
350,3341164,9000916,U1026,Cotija and Corn Tacos with Lime and Mango,2,2,2,2
351,3341164,9000916,U1065,Cotija and Corn Tacos with Lime and Mango,0,2,0,12
352,2552596,9000916,U1026,Mexican Beef and Cheese Wontons with Salsa,2,2,2,3
353,2552596,9000916,U1065,Mexican Beef and Cheese Wontons with Salsa,0,2,0,11
354,817513,9000916,U1039,Mexican-style Lasagna,2,2,2,6
355,5430038,654250,U1052,Cilantro-Lime Rice,0,0,0,9
356,5430038,3307340,U1027,Cilantro-Lime Rice,2,2,2,11
357,524398,1053934,U1032,Pesto Tofu Pasta,2,2,2,2
358,1902691,1053934,U1016,How To Make Panzanella (Italian Bread Salad),2,2,2,6
359,6455481,1053934,U1116,Lemon Focaccia,2,2,2,5
360,7558543,1053934,U1036,Pizza Dough,2,2,2,4
361,3501907,1053934,U1135,Spicy Italian White Bean and Sausage Soup,2,2,2,2
362,5430038,4364952,U1035,Cilantro-Lime Rice,2,1,2,2
363,213517,4364952,U1035,Sherry's Wild West Soup,2,1,2,5
364,3341164,4364952,U1035,Cotija and Corn Tacos with Lime and Mango,2,1,2,5
365,5430038,8629545,U1008,Cilantro-Lime Rice,0,0,0,9
366,213517,8629545,U1052,Sherry's Wild West Soup,0,0,0,7
367,3341164,8629545,U1008,Cotija and Corn Tacos with Lime and Mango,0,0,0,8
368,5430038,2711689,U1068,Cilantro-Lime Rice,0,0,0,3
369,5430038,2711689,U1068,Cilantro-Lime Rice,1,1,1,6
370,5430038,2711689,U1031,Cilantro-Lime Rice,1,2,1,10
371,213517,2711689,U1068,Sherry's Wild West Soup,0,0,0,3
372,213517,2711689,U1031,Sherry's Wild West Soup,1,1,1,3
373,213517,2711689,U1031,Sherry's Wild West Soup,1,2,1,13
374,3341164,2711689,U1103,Cotija and Corn Tacos with Lime and Mango,0,0,0,2
375,3341164,2711689,U1068,Cotija and Corn Tacos with Lime and Mango,1,1,1,5
376,3341164,2711689,U1031,Cotija and Corn Tacos with Lime and Mango,1,2,1,8
377,2552596,2711689,U1031,Mexican Beef and Cheese Wontons with Salsa,0,0,0,2
378,2552596,2711689,U1103,Mexican Beef and Cheese Wontons with Salsa,1,1,1,6
379,5430038,2784333,U1083,Cilantro-Lime Rice,1,1,1,10
380,213517,2784333,U1083,Sherry's Wild West Soup,1,1,1,8
381,3341164,2784333,U1084,Cotija and Corn Tacos with Lime and Mango,1,1,1,13
382,2552596,2784333,U1084,Mexican Beef and Cheese Wontons with Salsa,1,1,1,14
383,817513,2784333,U1083,Mexican-style Lasagna,1,1,1,9
384,9635009,2784333,U1084,Mexican Ham and Bean Soup,1,1,1,14
385,5613349,2784333,U1083,Mexican Style Jalapeno Burger,1,1,1,8
386,5257024,2784333,U1083,Layered Chicken and Black Bean Enchilada Casserole,1,1,1,11
387,9396622,2784333,U1083,Mexican Bean Pizza,1,1,1,8
388,6186658,2784333,U1083,Lobster and Crab Enchiladas,1,1,1,8
389,3035102,2784333,U1084,Udon-Beef Noodle Bowl,1,2,2,8
390,9985242,2784333,U1095,Fettuccine Carbonara,1,2,2,10
391,9948063,2784333,U1083,Sushi Deviled Eggs | Elegant Appetizers,1,2,2,12
392,5430038,5778661,U1104,Cilantro-Lime Rice,0,2,2,9
393,5430038,5778661,U1071,Cilantro-Lime Rice,0,2,2,9
394,213517,5778661,U1071,Sherry's Wild West Soup,0,2,2,14
395,213517,5778661,U1036,Sherry's Wild West Soup,0,2,2,14
396,3341164,5778661,U1116,Cotija and Corn Tacos with Lime and Mango,0,2,2,14
397,3341164,5778661,U1075,Cotija and Corn Tacos with Lime and Mango,0,2,2,14
398,2552596,5778661,U1036,Mexican Beef and Cheese Wontons with Salsa,0,2,2,8
399,2552596,5778661,U1116,Mexican Beef and Cheese Wontons with Salsa,0,2,2,8
400,817513,5778661,U1116,Mexican-style Lasagna,0,2,2,14
401,817513,5778661,U1104,Mexican-style Lasagna,0,2,2,14
402,9635009,5778661,U1024,Mexican Ham and Bean Soup,0,2,2,8
403,9635009,5778661,U1116,Mexican Ham and Bean Soup,0,2,2,8
404,5613349,5778661,U1071,Mexican Style Jalapeno Burger,0,2,2,13
405,5613349,5778661,U1116,Mexican Style Jalapeno Burger,0,2,2,13
406,5430038,6623276,U1095,Cilantro-Lime Rice,0,0,0,2
407,5430038,6623276,U1013,Cilantro-Lime Rice,1,1,1,10
408,213517,6623276,U1013,Sherry's Wild West Soup,0,0,0,5
409,213517,6623276,U1089,Sherry's Wild West Soup,1,1,1,8
410,3341164,6623276,U1114,Cotija and Corn Tacos with Lime and Mango,0,0,0,2
411,3341164,6623276,U1083,Cotija and Corn Tacos with Lime and Mango,1,1,1,13
412,5430038,2761825,U1118,Cilantro-Lime Rice,2,1,2,4
413,5430038,2761825,U1118,Cilantro-Lime Rice,1,2,1,8
414,5430038,2761825,U1035,Cilantro-Lime Rice,1,2,1,8
415,213517,2761825,U1044,Sherry's Wild West Soup,2,1,2,6
416,213517,2761825,U1044,Sherry's Wild West Soup,1,2,1,13
417,213517,2761825,U1118,Sherry's Wild West Soup,1,2,1,13
418,3341164,2761825,U1118,Cotija and Corn Tacos with Lime and Mango,2,1,2,4
419,3341164,2761825,U1035,Cotija and Corn Tacos with Lime and Mango,1,2,1,13
420,5430038,4668716,U1031,Cilantro-Lime Rice,0,0,0,3
421,213517,4668716,U1031,Sherry's Wild West Soup,0,0,0,2
422,3341164,4668716,U1065,Cotija and Corn Tacos with Lime and Mango,0,0,0,6
423,2552596,4668716,U1026,Mexican Beef and Cheese Wontons with Salsa,0,0,0,4
424,817513,4668716,U1065,Mexican-style Lasagna,0,0,0,2
425,9635009,4668716,U1031,Mexican Ham and Bean Soup,0,0,0,6
426,5613349,4668716,U1026,Mexican Style Jalapeno Burger,0,0,0,4
427,5257024,4668716,U1031,Layered Chicken and Black Bean Enchilada Casserole,0,0,0,3
428,5430038,8596282,U1026,Cilantro-Lime Rice,0,2,0,11
429,213517,8596282,U1026,Sherry's Wild West Soup,0,2,0,14
430,3341164,8596282,U1065,Cotija and Corn Tacos with Lime and Mango,0,2,0,12
431,2552596,8596282,U1031,Mexican Beef and Cheese Wontons with Salsa,0,2,0,11
432,817513,8596282,U1065,Mexican-style Lasagna,0,2,0,7
433,5430038,2133964,U1080,Cilantro-Lime Rice,2,2,2,5
434,5430038,2133964,U1023,Cilantro-Lime Rice,2,2,2,5
435,5430038,2133964,U1080,Cilantro-Lime Rice,0,0,0,6
436,213517,2133964,U1023,Sherry's Wild West Soup,2,2,2,6
437,213517,2133964,U1023,Sherry's Wild West Soup,2,2,2,6
438,213517,2133964,U1023,Sherry's Wild West Soup,0,0,0,3
439,3341164,2133964,U1021,Cotija and Corn Tacos with Lime and Mango,2,2,2,5
440,3341164,2133964,U1080,Cotija and Corn Tacos with Lime and Mango,2,2,2,5
441,3341164,2133964,U1021,Cotija and Corn Tacos with Lime and Mango,0,0,0,4
442,2552596,2133964,U1023,Mexican Beef and Cheese Wontons with Salsa,2,2,2,3
443,2552596,2133964,U1021,Mexican Beef and Cheese Wontons with Salsa,2,2,2,3
444,2552596,2133964,U1023,Mexican Beef and Cheese Wontons with Salsa,0,0,0,3
445,817513,2133964,U1021,Mexican-style Lasagna,2,2,2,4
446,5430038,3307340,U1090,Cilantro-Lime Rice,2,2,2,11
447,213517,3307340,U1138,Sherry's Wild West Soup,2,2,2,7
448,3341164,3307340,U1027,Cotija and Corn Tacos with Lime and Mango,2,2,2,14
449,2552596,3307340,U1090,Mexican Beef and Cheese Wontons with Salsa,2,2,2,8
450,817513,3307340,U1090,Mexican-style Lasagna,2,2,2,7
451,9635009,3307340,U1027,Mexican Ham and Bean Soup,2,2,2,10
452,5613349,3307340,U1090,Mexican Style Jalapeno Burger,2,2,2,10
453,5257024,3307340,U1138,Layered Chicken and Black Bean Enchilada Casserole,2,2,2,9
454,9396622,3307340,U1138,Mexican Bean Pizza,2,2,2,9
455,6186658,3307340,U1138,Lobster and Crab Enchiladas,2,2,2,13
456,2208462,3307340,U1138,Bramblewood Blackberry Pie,1,1,1,14
457,2208462,3307340,U1138,Bramblewood Blackberry Pie,1,1,1,14
458,5436564,3307340,U1027,Roasted Vegetables,1,1,1,9
459,5436564,3307340,U1027,Roasted Vegetables,1,1,1,9
460,5430038,2038259,U1134,Cilantro-Lime Rice,2,2,2,11
461,213517,2038259,U1053,Sherry's Wild West Soup,2,2,2,9
462,3341164,2038259,U1122,Cotija and Corn Tacos with Lime and Mango,2,2,2,11
463,2552596,2038259,U1009,Mexican Beef and Cheese Wontons with Salsa,2,2,2,7
464,817513,2038259,U1106,Mexican-style Lasagna,2,2,2,10
465,9635009,2038259,U1122,Mexican Ham and Bean Soup,2,2,2,14
466,5613349,2038259,U1134,Mexican Style Jalapeno Burger,2,2,2,13
467,5257024,2038259,U1106,Layered Chicken and Black Bean Enchilada Casserole,2,2,2,7
468,9396622,2038259,U1122,Mexican Bean Pizza,2,2,2,7
469,6186658,2038259,U1089,Lobster and Crab Enchiladas,2,2,2,12
470,5430038,9039387,U1024,Cilantro-Lime Rice,2,2,2,6
471,213517,9039387,U1055,Sherry's Wild West Soup,2,2,2,4
472,3341164,9039387,U1126,Cotija and Corn Tacos with Lime and Mango,2,2,2,2
473,2552596,9039387,U1024,Mexican Beef and Cheese Wontons with Salsa,2,2,2,5
474,817513,9039387,U1024,Mexican-style Lasagna,2,2,2,4
475,9635009,9039387,U1024,Mexican Ham and Bean Soup,2,2,2,2
476,5613349,9039387,U1126,Mexican Style Jalapeno Burger,2,2,2,6
477,5257024,9039387,U1055,Layered Chicken and Black Bean Enchilada Casserole,2,2,2,4
478,5430038,7846353,U1103,Cilantro-Lime Rice,1,1,1,4
479,213517,7846353,U1067,Sherry's Wild West Soup,1,1,1,5
480,3341164,7846353,U1067,Cotija and Corn Tacos with Lime and Mango,1,1,1,5
481,2552596,7846353,U1107,Mexican Beef and Cheese Wontons with Salsa,1,1,1,3
482,817513,7846353,U1107,Mexican-style Lasagna,1,1,1,4
483,9635009,7846353,U1103,Mexican Ham and Bean Soup,1,1,1,3
484,5613349,7846353,U1123,Mexican Style Jalapeno Burger,1,1,1,4
485,5257024,7846353,U1067,Layered Chicken and Black Bean Enchilada Casserole,1,1,1,3
486,524398,1053934,U1075,Pesto Tofu Pasta,2,2,2,2
487,5430038,7265810,U1083,Cilantro-Lime Rice,2,1,1,14
488,213517,7265810,U1083,Sherry's Wild West Soup,2,1,1,12
489,3341164,7265810,U1134,Cotija and Corn Tacos with Lime and Mango,2,1,1,13
490,2552596,7265810,U1134,Mexican Beef and Cheese Wontons with Salsa,2,1,1,9
491,817513,7265810,U1083,Mexican-style Lasagna,2,1,1,11
492,9635009,7265810,U1134,Mexican Ham and Bean Soup,2,1,1,9
493,5613349,7265810,U1046,Mexican Style Jalapeno Burger,2,1,1,7
494,5257024,7265810,U1134,Layered Chicken and Black Bean Enchilada Casserole,2,1,1,12
495,9396622,7265810,U1046,Mexican Bean Pizza,2,1,1,7
496,5430038,3669357,U1025,Cilantro-Lime Rice,1,2,1,4
497,213517,3669357,U1004,Sherry's Wild West Soup,1,2,1,4
498,3341164,3669357,U1025,Cotija and Corn Tacos with Lime and Mango,1,2,1,2
499,2552596,3669357,U1061,Mexican Beef and Cheese Wontons with Salsa,1,2,1,4
500,817513,3669357,U1004,Mexican-style Lasagna,1,2,1,3
501,9635009,3669357,U1025,Mexican Ham and Bean Soup,1,2,1,4
502,5613349,3669357,U1025,Mexican Style Jalapeno Burger,1,2,1,4
503,5257024,3669357,U1061,Layered Chicken and Black Bean Enchilada Casserole,1,2,1,3
504,9396622,3669357,U1025,Mexican Bean Pizza,1,2,1,3
505,6186658,3669357,U1004,Lobster and Crab Enchiladas,1,2,1,5
506,2208462,3669357,U1061,Bramblewood Blackberry Pie,2,2,2,3
507,5436564,3669357,U1004,Roasted Vegetables,2,2,2,2
508,2186602,3669357,U1025,Grilled Salmon and Spinach Salad with Peach Dressing,2,2,2,5
509,2662619,3669357,U1025,Cowboy Nachos,2,2,2,3
510,5430038,3205918,U1134,Cilantro-Lime Rice,1,2,2,4
511,5430038,3205918,U1032,Cilantro-Lime Rice,2,1,0,12
512,213517,3205918,U1009,Sherry's Wild West Soup,1,2,2,3
513,2208462,7184567,U1084,Bramblewood Blackberry Pie,1,2,2,11
514,2208462,7184567,U1095,Bramblewood Blackberry Pie,1,2,2,11
515,5436564,7184567,U1083,Roasted Vegetables,1,2,2,14
516,5436564,7184567,U1083,Roasted Vegetables,1,2,2,14
517,2186602,7184567,U1095,Grilled Salmon and Spinach Salad with Peach Dressing,1,2,2,9
518,5430038,5200338,U1066,Cilantro-Lime Rice,2,2,2,12
519,213517,5200338,U1030,Sherry's Wild West Soup,2,2,2,12
520,3341164,5200338,U1066,Cotija and Corn Tacos with Lime and Mango,2,2,2,9
521,2552596,5200338,U1133,Mexican Beef and Cheese Wontons with Salsa,2,2,2,14
522,817513,5200338,U1093,Mexican-style Lasagna,2,2,2,13
523,9635009,5200338,U1133,Mexican Ham and Bean Soup,2,2,2,13
524,5613349,5200338,U1066,Mexican Style Jalapeno Burger,2,2,2,13
525,5430038,8556881,U1025,Cilantro-Lime Rice,2,2,2,12
526,213517,8556881,U1097,Sherry's Wild West Soup,2,2,2,9
527,3341164,8556881,U1025,Cotija and Corn Tacos with Lime and Mango,2,2,2,14
528,2552596,8556881,U1061,Mexican Beef and Cheese Wontons with Salsa,2,2,2,14
529,817513,8556881,U1004,Mexican-style Lasagna,2,2,2,12
530,9635009,8556881,U1025,Mexican Ham and Bean Soup,2,2,2,12
531,5430038,4410964,U1117,Cilantro-Lime Rice,2,2,2,12
532,213517,4410964,U1117,Sherry's Wild West Soup,2,2,2,12
533,3341164,4410964,U1012,Cotija and Corn Tacos with Lime and Mango,2,2,2,9
534,2552596,4410964,U1012,Mexican Beef and Cheese Wontons with Salsa,2,2,2,14
535,817513,4410964,U1012,Mexican-style Lasagna,2,2,2,13
536,9635009,4410964,U1012,Mexican Ham and Bean Soup,2,2,2,13
537,5613349,4410964,U1117,Mexican Style Jalapeno Burger,2,2,2,13
538,5257024,4410964,U1117,Layered Chicken and Black Bean Enchilada Casserole,2,2,2,12
539,9396622,4410964,U1030,Mexican Bean Pizza,2,2,2,9
540,3035102,9793837,U1083,Udon-Beef Noodle Bowl,2,2,2,12
541,9985242,9793837,U1083,Fettuccine Carbonara,2,2,2,9
542,9948063,9793837,U1048,Sushi Deviled Eggs | Elegant Appetizers,2,2,2,12
543,9085026,9793837,U1083,Yaki Udon With Beef,2,2,2,14
544,5430038,2761825,U1118,Cilantro-Lime Rice,2,1,2,4
545,5430038,2761825,U1118,Cilantro-Lime Rice,1,2,1,8
546,5430038,2761825,U1118,Cilantro-Lime Rice,1,2,1,8
547,213517,2761825,U1044,Sherry's Wild West Soup,2,1,2,6
548,213517,2761825,U1118,Sherry's Wild West Soup,1,2,1,13
549,213517,2761825,U1044,Sherry's Wild West Soup,1,2,1,13
550,3341164,2761825,U1035,Cotija and Corn Tacos with Lime and Mango,2,1,2,4
551,3341164,2761825,U1035,Cotija and Corn Tacos with Lime and Mango,1,2,1,13
552,5430038,9582713,U1117,Cilantro-Lime Rice,2,2,2,12
553,213517,9582713,U1030,Sherry's Wild West Soup,2,2,2,12
554,3341164,9582713,U1030,Cotija and Corn Tacos with Lime and Mango,2,2,2,9
555,2552596,9582713,U1030,Mexican Beef and Cheese Wontons with Salsa,2,2,2,14
556,817513,9582713,U1030,Mexican-style Lasagna,2,2,2,13
557,9635009,9582713,U1117,Mexican Ham and Bean Soup,2,2,2,13
558,5613349,9582713,U1012,Mexican Style Jalapeno Burger,2,2,2,13
559,5257024,9582713,U1117,Layered Chicken and Black Bean Enchilada Casserole,2,2,2,12
560,5430038,4825286,U1129,Cilantro-Lime Rice,2,2,2,4
561,5430038,4825286,U1129,Cilantro-Lime Rice,2,2,2,4
562,5430038,4825286,U1026,Cilantro-Lime Rice,0,2,0,11
563,213517,4825286,U1065,Sherry's Wild West Soup,2,2,2,5
564,213517,4825286,U1026,Sherry's Wild West Soup,2,2,2,5
565,213517,4825286,U1065,Sherry's Wild West Soup,0,2,0,14
566,3341164,4825286,U1065,Cotija and Corn Tacos with Lime and Mango,2,2,2,2
567,3341164,4825286,U1129,Cotija and Corn Tacos with Lime and Mango,2,2,2,2
568,3341164,4825286,U1129,Cotija and Corn Tacos with Lime and Mango,0,2,0,12
569,2552596,4825286,U1026,Mexican Beef and Cheese Wontons with Salsa,2,2,2,3
570,2552596,4825286,U1065,Mexican Beef and Cheese Wontons with Salsa,2,2,2,3
571,2552596,4825286,U1026,Mexican Beef and Cheese Wontons with Salsa,0,2,0,11
572,817513,4825286,U1129,Mexican-style Lasagna,2,2,2,6
573,817513,4825286,U1026,Mexican-style Lasagna,2,2,2,6
574,817513,4825286,U1026,Mexican-style Lasagna,0,2,0,7
575,5430038,3561938,U1061,Cilantro-Lime Rice,1,2,1,4
576,213517,3561938,U1061,Sherry's Wild West Soup,1,2,1,4
577,3341164,3561938,U1025,Cotija and Corn Tacos with Lime and Mango,1,2,1,2
578,2552596,3561938,U1061,Mexican Beef and Cheese Wontons with Salsa,1,2,1,4
579,5430038,5813671,U1044,Cilantro-Lime Rice,2,1,2,4
580,5430038,5813671,U1044,Cilantro-Lime Rice,1,2,1,8
581,5430038,5813671,U1118,Cilantro-Lime Rice,1,2,1,8
582,213517,5813671,U1044,Sherry's Wild West Soup,2,1,2,6
583,213517,5813671,U1118,Sherry's Wild West Soup,1,2,1,13
584,213517,5813671,U1035,Sherry's Wild West Soup,1,2,1,13
585,3341164,5813671,U1118,Cotija and Corn Tacos with Lime and Mango,2,1,2,4
586,3341164,5813671,U1118,Cotija and Corn Tacos with Lime and Mango,1,2,1,13
587,3341164,5813671,U1118,Cotija and Corn Tacos with Lime and Mango,1,2,1,13
588,2552596,5813671,U1035,Mexican Beef and Cheese Wontons with Salsa,2,1,2,3
589,2552596,5813671,U1118,Mexican Beef and Cheese Wontons with Salsa,1,2,1,10
590,2552596,5813671,U1044,Mexican Beef and Cheese Wontons with Salsa,1,2,1,10
591,817513,5813671,U1035,Mexican-style Lasagna,2,1,2,3
592,5430038,4637953,U1129,Cilantro-Lime Rice,2,2,2,4
593,5430038,4637953,U1065,Cilantro-Lime Rice,2,2,2,4
594,5430038,4637953,U1026,Cilantro-Lime Rice,0,2,0,11
595,213517,4637953,U1065,Sherry's Wild West Soup,2,2,2,5
596,213517,4637953,U1129,Sherry's Wild West Soup,2,2,2,5
597,213517,4637953,U1026,Sherry's Wild West Soup,0,2,0,14
598,3341164,4637953,U1129,Cotija and Corn Tacos with Lime and Mango,2,2,2,2
599,3341164,4637953,U1129,Cotija and Corn Tacos with Lime and Mango,2,2,2,2
600,3341164,4637953,U1065,Cotija and Corn Tacos with Lime and Mango,0,2,0,12
601,2552596,4637953,U1129,Mexican Beef and Cheese Wontons with Salsa,2,2,2,3
602,7668584,8764874,U1053,Sweet and Spicy Chinese Takeout Chicken,2,1,2,10
603,2199744,8764874,U1022,Easy Chinese Soy Sauce Chicken,2,1,2,14
604,8633036,8764874,U1116,MAMA’S BRAISED CHICKEN LEGS ON RICE W/ FRIED CHILI CAPERS,2,1,2,13
605,129016,8764874,U1116,Sesame Beef and Asian Vegetable Stir-Fry,2,1,2,12
606,9378776,8764874,U1022,Fried Rice,2,1,2,7
607,5426133,8764874,U1055,The Best Chinese Sesame Chicken,2,1,2,11
608,3215406,8764874,U1116,Chinese Chicken Salad,2,1,2,7
609,4840546,8764874,U1055,Pot Stickers,2,1,2,10
610,5430038,784164,U1133,Cilantro-Lime Rice,2,2,2,12
611,213517,784164,U1093,Sherry's Wild West Soup,2,2,2,12
612,5430038,5753937,U1103,Cilantro-Lime Rice,0,0,0,3
613,5430038,5753937,U1067,Cilantro-Lime Rice,1,1,1,2
614,5430038,5753937,U1103,Cilantro-Lime Rice,1,1,1,2
615,213517,5753937,U1067,Sherry's Wild West Soup,0,0,0,3
616,213517,5753937,U1103,Sherry's Wild West Soup,1,1,1,6
617,213517,5753937,U1067,Sherry's Wild West Soup,1,1,1,3
618,3341164,5753937,U1068,Cotija and Corn Tacos with Lime and Mango,0,0,0,2
619,3341164,5753937,U1067,Cotija and Corn Tacos with Lime and Mango,1,1,1,4
620,3341164,5753937,U1103,Cotija and Corn Tacos with Lime and Mango,1,1,1,2
621,2552596,5753937,U1103,Mexican Beef and Cheese Wontons with Salsa,0,0,0,2
622,2552596,5753937,U1103,Mexican Beef and Cheese Wontons with Salsa,1,1,1,3
623,5430038,8629545,U1111,Cilantro-Lime Rice,0,0,0,9
624,213517,8629545,U1008,Sherry's Wild West Soup,0,0,0,7
625,3341164,8629545,U1069,Cotija and Corn Tacos with Lime and Mango,0,0,0,8
626,2552596,8629545,U1052,Mexican Beef and Cheese Wontons with Salsa,0,0,0,8
627,817513,8629545,U1069,Mexican-style Lasagna,0,0,0,12
628,9635009,8629545,U1052,Mexican Ham and Bean Soup,0,0,0,7
629,5613349,8629545,U1052,Mexican Style Jalapeno Burger,0,0,0,12
630,5257024,8629545,U1008,Layered Chicken and Black Bean Enchilada Casserole,0,0,0,9
631,9396622,8629545,U1052,Mexican Bean Pizza,0,0,0,13
632,6186658,8629545,U1111,Lobster and Crab Enchiladas,0,0,0,11
633,5430038,5114032,U1051,Cilantro-Lime Rice,2,2,2,12
634,5430038,5114032,U1051,Cilantro-Lime Rice,2,2,2,12
635,213517,5114032,U1030,Sherry's Wild West Soup,2,2,2,12
636,213517,5114032,U1030,Sherry's Wild West Soup,2,2,2,12
637,5430038,3594589,U1103,Cilantro-Lime Rice,1,1,1,6
638,213517,3594589,U1123,Sherry's Wild West Soup,1,1,1,3
639,5430038,1658462,U1134,Cilantro-Lime Rice,1,1,1,10
640,5430038,1658462,U1046,Cilantro-Lime Rice,2,1,1,14
641,213517,1658462,U1046,Sherry's Wild West Soup,1,1,1,8
642,213517,1658462,U1046,Sherry's Wild West Soup,2,1,1,12
643,3341164,1658462,U1046,Cotija and Corn Tacos with Lime and Mango,1,1,1,13
644,3341164,1658462,U1134,Cotija and Corn Tacos with Lime and Mango,2,1,1,13
645,2552596,1658462,U1046,Mexican Beef and Cheese Wontons with Salsa,1,1,1,14
646,2552596,1658462,U1134,Mexican Beef and Cheese Wontons with Salsa,2,1,1,9
647,817513,1658462,U1083,Mexican-style Lasagna,1,1,1,9
648,817513,1658462,U1083,Mexican-style Lasagna,2,1,1,11
649,9635009,1658462,U1046,Mexican Ham and Bean Soup,1,1,1,14
650,9635009,1658462,U1083,Mexican Ham and Bean Soup,2,1,1,9
651,5613349,1658462,U1083,Mexican Style Jalapeno Burger,1,1,1,8
652,5613349,1658462,U1134,Mexican Style Jalapeno Burger,2,1,1,7
653,5257024,1658462,U1134,Layered Chicken and Black Bean Enchilada Casserole,1,1,1,11
654,5430038,2761825,U1035,Cilantro-Lime Rice,2,1,2,4
655,5430038,2761825,U1044,Cilantro-Lime Rice,1,2,1,8
656,5430038,2761825,U1118,Cilantro-Lime Rice,1,2,1,8
657,213517,2761825,U1044,Sherry's Wild West Soup,2,1,2,6
658,213517,2761825,U1044,Sherry's Wild West Soup,1,2,1,13
659,213517,2761825,U1118,Sherry's Wild West Soup,1,2,1,13
660,3341164,2761825,U1118,Cotija and Corn Tacos with Lime and Mango,2,1,2,4
661,3341164,2761825,U1118,Cotija and Corn Tacos with Lime and Mango,1,2,1,13
662,3341164,2761825,U1035,Cotija and Corn Tacos with Lime and Mango,1,2,1,13
663,5430038,2230542,U1123,Cilantro-Lime Rice,1,1,1,2
664,5430038,2230542,U1050,Cilantro-Lime Rice,1,1,1,6
665,213517,2230542,U1050,Sherry's Wild West Soup,1,1,1,6
666,213517,2230542,U1023,Sherry's Wild West Soup,1,1,1,3
667,3341164,2230542,U1123,Cotija and Corn Tacos with Lime and Mango,1,1,1,4
668,3341164,2230542,U1068,Cotija and Corn Tacos with Lime and Mango,1,1,1,5
669,2552596,2230542,U1068,Mexican Beef and Cheese Wontons with Salsa,1,1,1,3
670,2552596,2230542,U1068,Mexican Beef and Cheese Wontons with Salsa,1,1,1,6
671,817513,2230542,U1123,Mexican-style Lasagna,1,1,1,5
672,817513,2230542,U1068,Mexican-style Lasagna,1,1,1,6
673,9635009,2230542,U1021,Mexican Ham and Bean Soup,1,1,1,5
674,9635009,2230542,U1021,Mexican Ham and Bean Soup,1,1,1,2
675,5613349,2230542,U1021,Mexican Style Jalapeno Burger,1,1,1,3
676,5430038,6890144,U1020,Cilantro-Lime Rice,2,2,2,12
677,213517,6890144,U1051,Sherry's Wild West Soup,2,2,2,12
678,3341164,6890144,U1020,Cotija and Corn Tacos with Lime and Mango,2,2,2,9
679,2552596,6890144,U1030,Mexican Beef and Cheese Wontons with Salsa,2,2,2,14
680,817513,6890144,U1051,Mexican-style Lasagna,2,2,2,13
681,9635009,6890144,U1051,Mexican Ham and Bean Soup,2,2,2,13
682,5613349,6890144,U1020,Mexican Style Jalapeno Burger,2,2,2,13
683,5257024,6890144,U1020,Layered Chicken and Black Bean Enchilada Casserole,2,2,2,12
684,5430038,7962883,U1029,Cilantro-Lime Rice,2,2,2,12
685,5430038,2230542,U1023,Cilantro-Lime Rice,1,1,1,2
686,5430038,2230542,U1021,Cilantro-Lime Rice,1,1,1,6
687,213517,2230542,U1021,Sherry's Wild West Soup,1,1,1,6
688,213517,2230542,U1023,Sherry's Wild West Soup,1,1,1,3
689,3341164,2230542,U1023,Cotija and Corn Tacos with Lime and Mango,1,1,1,4
690,3341164,2230542,U1060,Cotija and Corn Tacos with Lime and Mango,1,1,1,5
691,5430038,2230542,U1060,Cilantro-Lime Rice,1,1,1,2
692,5430038,2230542,U1123,Cilantro-Lime Rice,1,1,1,6
693,213517,2230542,U1021,Sherry's Wild West Soup,1,1,1,6
694,213517,2230542,U1050,Sherry's Wild West Soup,1,1,1,3
695,5430038,5753937,U1103,Cilantro-Lime Rice,0,0,0,3
696,5430038,784164,U1093,Cilantro-Lime Rice,2,2,2,12
697,213517,784164,U1133,Sherry's Wild West Soup,2,2,2,12
698,3341164,784164,U1133,Cotija and Corn Tacos with Lime and Mango,2,2,2,9
699,2552596,784164,U1133,Mexican Beef and Cheese Wontons with Salsa,2,2,2,14
700,817513,784164,U1093,Mexican-style Lasagna,2,2,2,13
701,9635009,784164,U1066,Mexican Ham and Bean Soup,2,2,2,13
702,5613349,784164,U1133,Mexican Style Jalapeno Burger,2,2,2,13
703,5257024,784164,U1093,Layered Chicken and Black Bean Enchilada Casserole,2,2,2,12
704,9396622,784164,U1133,Mexican Bean Pizza,2,2,2,9
705,6186658,784164,U1066,Lobster and Crab Enchiladas,2,2,2,12
706,3035102,784164,U1133,Udon-Beef Noodle Bowl,2,2,2,7
707,3035102,784164,U1133,Udon-Beef Noodle Bowl,2,2,2,7
708,9985242,784164,U1066,Fettuccine Carbonara,2,2,2,14
709,9985242,784164,U1066,Fettuccine Carbonara,2,2,2,14
710,9948063,784164,U1133,Sushi Deviled Eggs | Elegant Appetizers,2,2,2,13
711,5430038,2711689,U1031,Cilantro-Lime Rice,0,0,0,3
712,5430038,2711689,U1082,Cilantro-Lime Rice,1,1,1,6
713,5430038,5753937,U1067,Cilantro-Lime Rice,0,0,0,3
714,5430038,5753937,U1068,Cilantro-Lime Rice,1,1,1,2
715,5430038,5753937,U1068,Cilantro-Lime Rice,1,1,1,2
716,213517,5753937,U1103,Sherry's Wild West Soup,0,0,0,3
717,213517,5753937,U1067,Sherry's Wild West Soup,1,1,1,6
718,213517,5753937,U1068,Sherry's Wild West Soup,1,1,1,3
719,3341164,5753937,U1068,Cotija and Corn Tacos with Lime and Mango,0,0,0,2
720,3341164,5753937,U1103,Cotija and Corn Tacos with Lime and Mango,1,1,1,4
721,3341164,5753937,U1068,Cotija and Corn Tacos with Lime and Mango,1,1,1,2
722,2552596,5753937,U1103,Mexican Beef and Cheese Wontons with Salsa,0,0,0,2
723,5430038,8786361,U1051,Cilantro-Lime Rice,2,2,2,12
724,213517,8786361,U1051,Sherry's Wild West Soup,2,2,2,12
725,3341164,8786361,U1051,Cotija and Corn Tacos with Lime and Mango,2,2,2,9
726,2552596,8786361,U1020,Mexican Beef and Cheese Wontons with Salsa,2,2,2,14
727,817513,8786361,U1051,Mexican-style Lasagna,2,2,2,13
728,9635009,8786361,U1020,Mexican Ham and Bean Soup,2,2,2,13
729,5430038,1700689,U1135,Cilantro-Lime Rice,1,1,1,3
730,213517,1700689,U1016,Sherry's Wild West Soup,1,1,1,6
731,3341164,1700689,U1135,Cotija and Corn Tacos with Lime and Mango,1,1,1,2
732,3071025,7966113,U1066,Lemongrass Beef and Onions over Rice Vermicelli (Bun Bo),2,2,2,13
733,5430038,7440515,U1117,Cilantro-Lime Rice,2,1,2,2
734,213517,7440515,U1072,Sherry's Wild West Soup,2,1,2,5
735,3341164,7440515,U1117,Cotija and Corn Tacos with Lime and Mango,2,1,2,5
736,2552596,7440515,U1072,Mexican Beef and Cheese Wontons with Salsa,2,1,2,4
737,817513,7440515,U1035,Mexican-style Lasagna,2,1,2,6
738,9635009,7440515,U1035,Mexican Ham and Bean Soup,2,1,2,3
739,5613349,7440515,U1035,Mexican Style Jalapeno Burger,2,1,2,5
740,5430038,4625314,U1046,Cilantro-Lime Rice,2,1,1,14
741,213517,4625314,U1134,Sherry's Wild West Soup,2,1,1,12
742,3341164,4625314,U1083,Cotija and Corn Tacos with Lime and Mango,2,1,1,13
743,2552596,4625314,U1046,Mexican Beef and Cheese Wontons with Salsa,2,1,1,9
744,817513,4625314,U1083,Mexican-style Lasagna,2,1,1,11
745,9635009,4625314,U1134,Mexican Ham and Bean Soup,2,1,1,9
746,5613349,4625314,U1134,Mexican Style Jalapeno Burger,2,1,1,7
747,5257024,4625314,U1134,Layered Chicken and Black Bean Enchilada Casserole,2,1,1,12
748,5430038,7303379,U1083,Cilantro-Lime Rice,1,1,1,10
749,213517,7303379,U1095,Sherry's Wild West Soup,1,1,1,8
750,3341164,7303379,U1095,Cotija and Corn Tacos with Lime and Mango,1,1,1,13
751,2552596,7303379,U1083,Mexican Beef and Cheese Wontons with Salsa,1,1,1,14
752,817513,7303379,U1084,Mexican-style Lasagna,1,1,1,9
753,5430038,8635771,U1055,Cilantro-Lime Rice,2,2,2,12
754,213517,8635771,U1053,Sherry's Wild West Soup,2,2,2,13
755,3341164,8635771,U1134,Cotija and Corn Tacos with Lime and Mango,2,2,2,13
756,2552596,8635771,U1134,Mexican Beef and Cheese Wontons with Salsa,2,2,2,11
757,817513,8635771,U1009,Mexican-style Lasagna,2,2,2,11
758,9635009,8635771,U1029,Mexican Ham and Bean Soup,2,2,2,8
759,5430038,8955001,U1035,Cilantro-Lime Rice,1,1,1,13
760,213517,8955001,U1035,Sherry's Wild West Soup,1,1,1,14
761,5430038,7343438,U1056,Cilantro-Lime Rice,2,2,2,8
762,5430038,7343438,U1076,Cilantro-Lime Rice,1,2,2,7
763,213517,7343438,U1076,Sherry's Wild West Soup,2,2,2,13
764,213517,7343438,U1056,Sherry's Wild West Soup,1,2,2,13
765,3341164,7343438,U1056,Cotija and Corn Tacos with Lime and Mango,2,2,2,8
766,3341164,7343438,U1076,Cotija and Corn Tacos with Lime and Mango,1,2,2,7
767,2552596,7343438,U1116,Mexican Beef and Cheese Wontons with Salsa,2,2,2,8
768,5430038,1213749,U1137,Cilantro-Lime Rice,2,2,2,3
769,5430038,1213749,U1003,Cilantro-Lime Rice,1,1,1,10
770,213517,1213749,U1137,Sherry's Wild West Soup,2,2,2,4
771,213517,1213749,U1137,Sherry's Wild West Soup,1,1,1,8
772,3341164,1213749,U1048,Cotija and Corn Tacos with Lime and Mango,2,2,2,6
773,3341164,1213749,U1048,Cotija and Corn Tacos with Lime and Mango,1,1,1,13
774,5430038,143733,U1040,Cilantro-Lime Rice,1,1,1,6
775,213517,143733,U1093,Sherry's Wild West Soup,1,1,1,3
776,3341164,143733,U1093,Cotija and Corn Tacos with Lime and Mango,1,1,1,4
777,2552596,143733,U1040,Mexican Beef and Cheese Wontons with Salsa,1,1,1,3
778,5430038,3205918,U1106,Cilantro-Lime Rice,1,2,2,4
779,5430038,3205918,U1019,Cilantro-Lime Rice,2,1,0,12
780,213517,3205918,U1098,Sherry's Wild West Soup,1,2,2,3
781,213517,3205918,U1134,Sherry's Wild West Soup,2,1,0,9
782,3341164,3205918,U1134,Cotija and Corn Tacos with Lime and Mango,1,2,2,2
783,3341164,3205918,U1106,Cotija and Corn Tacos with Lime and Mango,2,1,0,8
784,2552596,3205918,U1036,Mexican Beef and Cheese Wontons with Salsa,1,2,2,5
785,2552596,3205918,U1009,Mexican Beef and Cheese Wontons with Salsa,2,1,0,9
786,817513,3205918,U1098,Mexican-style Lasagna,1,2,2,6
787,817513,3205918,U1098,Mexican-style Lasagna,2,1,0,14
788,9635009,3205918,U1106,Mexican Ham and Bean Soup,1,2,2,6
789,9635009,3205918,U1089,Mexican Ham and Bean Soup,2,1,0,10
790,5613349,3205918,U1032,Mexican Style Jalapeno Burger,1,2,2,5
791,5430038,2270349,U1123,Cilantro-Lime Rice,1,1,1,6
792,5430038,2270349,U1123,Cilantro-Lime Rice,1,1,0,13
793,213517,2270349,U1082,Sherry's Wild West Soup,1,1,1,5
794,213517,2270349,U1082,Sherry's Wild West Soup,1,1,0,11
795,3341164,2270349,U1070,Cotija and Corn Tacos with Lime and Mango,1,1,1,3
796,3341164,2270349,U1082,Cotija and Corn Tacos with Lime and Mango,1,1,0,12
797,2552596,2270349,U1080,Mexican Beef and Cheese Wontons with Salsa,1,1,1,4
798,2552596,2270349,U1082,Mexican Beef and Cheese Wontons with Salsa,1,1,0,11
799,817513,2270349,U1080,Mexican-style Lasagna,1,1,1,3
800,817513,2270349,U1123,Mexican-style Lasagna,1,1,0,8
801,9635009,2270349,U1082,Mexican Ham and Bean Soup,1,1,1,2
802,9635009,2270349,U1080,Mexican Ham and Bean Soup,1,1,0,13
803,5430038,2085629,U1137,Cilantro-Lime Rice,2,2,2,3
804,5430038,2085629,U1137,Cilantro-Lime Rice,1,1,1,10
805,213517,2085629,U1083,Sherry's Wild West Soup,2,2,2,4
806,213517,2085629,U1048,Sherry's Wild West Soup,1,1,1,8
807,3341164,2085629,U1003,Cotija and Corn Tacos with Lime and Mango,2,2,2,6
808,3341164,2085629,U1003,Cotija and Corn Tacos with Lime and Mango,1,1,1,13
809,2552596,2085629,U1137,Mexican Beef and Cheese Wontons with Salsa,2,2,2,4
810,2552596,2085629,U1003,Mexican Beef and Cheese Wontons with Salsa,1,1,1,14
811,817513,2085629,U1003,Mexican-style Lasagna,2,2,2,2
812,817513,2085629,U1137,Mexican-style Lasagna,1,1,1,9
813,9635009,2085629,U1003,Mexican Ham and Bean Soup,2,2,2,6
814,9635009,2085629,U1003,Mexican Ham and Bean Soup,1,1,1,14
815,5613349,2085629,U1083,Mexican Style Jalapeno Burger,2,2,2,2
816,5613349,2085629,U1083,Mexican Style Jalapeno Burger,1,1,1,8
817,5430038,8543491,U1103,Cilantro-Lime Rice,0,0,0,3
818,213517,8543491,U1068,Sherry's Wild West Soup,0,0,0,3
819,3341164,8543491,U1067,Cotija and Corn Tacos with Lime and Mango,0,0,0,2
820,2552596,8543491,U1103,Mexican Beef and Cheese Wontons with Salsa,0,0,0,2
821,817513,8543491,U1067,Mexican-style Lasagna,0,0,0,6
822,9635009,8543491,U1067,Mexican Ham and Bean Soup,0,0,0,5
823,5613349,8543491,U1067,Mexican Style Jalapeno Burger,0,0,0,3
824,5257024,8543491,U1067,Layered Chicken and Black Bean Enchilada Casserole,0,0,0,5
825,9396622,8543491,U1103,Mexican Bean Pizza,0,0,0,5
826,3035102,9904212,U1030,Udon-Beef Noodle Bowl,2,2,2,7
827,9985242,9904212,U1093,Fettuccine Carbonara,2,2,2,14
828,5430038,5813671,U1035,Cilantro-Lime Rice,2,1,2,4
829,5430038,5813671,U1044,Cilantro-Lime Rice,1,2,1,8
830,5430038,5813671,U1118,Cilantro-Lime Rice,1,2,1,8
831,213517,5813671,U1044,Sherry's Wild West Soup,2,1,2,6
832,213517,5813671,U1035,Sherry's Wild West Soup,1,2,1,13
833,213517,5813671,U1035,Sherry's Wild West Soup,1,2,1,13
834,3341164,5813671,U1044,Cotija and Corn Tacos with Lime and Mango,2,1,2,4
835,3341164,5813671,U1035,Cotija and Corn Tacos with Lime and Mango,1,2,1,13
836,3341164,5813671,U1118,Cotija and Corn Tacos with Lime and Mango,1,2,1,13
837,2552596,5813671,U1044,Mexican Beef and Cheese Wontons with Salsa,2,1,2,3
838,5430038,5562664,U1028,Cilantro-Lime Rice,0,0,0,4
839,5430038,7326576,U1117,Cilantro-Lime Rice,2,2,2,12
840,213517,7326576,U1012,Sherry's Wild West Soup,2,2,2,12
841,3341164,7326576,U1117,Cotija and Corn Tacos with Lime and Mango,2,2,2,9
842,2552596,7326576,U1117,Mexican Beef and Cheese Wontons with Salsa,2,2,2,14
843,817513,7326576,U1117,Mexican-style Lasagna,2,2,2,13
844,9635009,7326576,U1012,Mexican Ham and Bean Soup,2,2,2,13
845,5430038,7653545,U1068,Cilantro-Lime Rice,0,0,0,3
846,213517,7653545,U1103,Sherry's Wild West Soup,0,0,0,3
847,3341164,7653545,U1068,Cotija and Corn Tacos with Lime and Mango,0,0,0,2
848,2552596,7653545,U1103,Mexican Beef and Cheese Wontons with Salsa,0,0,0,2
849,817513,7653545,U1068,Mexican-style Lasagna,0,0,0,6
850,9635009,7653545,U1103,Mexican Ham and Bean Soup,0,0,0,5
851,5613349,7653545,U1067,Mexican Style Jalapeno Burger,0,0,0,3
852,2208462,5459079,U1095,Bramblewood Blackberry Pie,1,2,2,11
853,5436564,5459079,U1095,Roasted Vegetables,1,2,2,14
854,5430038,2846332,U1055,Cilantro-Lime Rice,2,2,2,12
855,213517,2846332,U1055,Sherry's Wild West Soup,2,2,2,13
856,3341164,2846332,U1055,Cotija and Corn Tacos with Lime and Mango,2,2,2,13
857,2552596,2846332,U1024,Mexican Beef and Cheese Wontons with Salsa,2,2,2,11
858,817513,2846332,U1055,Mexican-style Lasagna,2,2,2,11
859,9635009,2846332,U1024,Mexican Ham and Bean Soup,2,2,2,8
860,5613349,2846332,U1126,Mexican Style Jalapeno Burger,2,2,2,14
861,5257024,2846332,U1055,Layered Chicken and Black Bean Enchilada Casserole,2,2,2,7
862,5430038,9331664,U1023,Cilantro-Lime Rice,1,1,1,2
863,5430038,9331664,U1021,Cilantro-Lime Rice,1,1,1,6
864,213517,9331664,U1123,Sherry's Wild West Soup,1,1,1,6
865,213517,9331664,U1068,Sherry's Wild West Soup,1,1,1,3
866,3341164,9331664,U1123,Cotija and Corn Tacos with Lime and Mango,1,1,1,4
867,3341164,9331664,U1023,Cotija and Corn Tacos with Lime and Mango,1,1,1,5
868,2552596,9331664,U1023,Mexican Beef and Cheese Wontons with Salsa,1,1,1,3
869,2552596,9331664,U1123,Mexican Beef and Cheese Wontons with Salsa,1,1,1,6
870,817513,9331664,U1123,Mexican-style Lasagna,1,1,1,5
871,817513,9331664,U1021,Mexican-style Lasagna,1,1,1,6
872,9635009,9331664,U1068,Mexican Ham and Bean Soup,1,1,1,5
873,9635009,9331664,U1023,Mexican Ham and Bean Soup,1,1,1,2
874,5613349,9331664,U1060,Mexican Style Jalapeno Burger,1,1,1,3
875,5613349,9331664,U1060,Mexican Style Jalapeno Burger,1,1,1,4
876,5257024,9331664,U1068,Layered Chicken and Black Bean Enchilada Casserole,1,1,1,2
877,5430038,8090349,U1134,Cilantro-Lime Rice,2,2,2,12
878,213517,8090349,U1083,Sherry's Wild West Soup,2,2,2,10
879,3341164,8090349,U1083,Cotija and Corn Tacos with Lime and Mango,2,2,2,11
880,2552596,8090349,U1046,Mexican Beef and Cheese Wontons with Salsa,2,2,2,10
881,5430038,8800176,U1123,Cilantro-Lime Rice,2,2,1,6
882,5430038,8800176,U1080,Cilantro-Lime Rice,1,1,0,13
883,213517,8800176,U1070,Sherry's Wild West Soup,2,2,1,6
884,213517,8800176,U1050,Sherry's Wild West Soup,1,1,0,11
885,5430038,6503871,U1134,Cilantro-Lime Rice,1,2,1,2
886,213517,6503871,U1046,Sherry's Wild West Soup,1,2,1,3
887,3035102,9793837,U1083,Udon-Beef Noodle Bowl,2,2,2,12
888,9985242,9793837,U1083,Fettuccine Carbonara,2,2,2,9
889,9948063,9793837,U1048,Sushi Deviled Eggs | Elegant Appetizers,2,2,2,12
890,9085026,9793837,U1083,Yaki Udon With Beef,2,2,2,14
891,1593462,9793837,U1095,Udon Noodles with Bay Scallops and Baby Bok Choy,2,2,2,8
892,3121700,9793837,U1083,Miso Soup,2,2,2,11
893,5430038,7189943,U1090,Cilantro-Lime Rice,2,2,2,11
894,213517,7189943,U1027,Sherry's Wild West Soup,2,2,2,7
895,3341164,7189943,U1027,Cotija and Corn Tacos with Lime and Mango,2,2,2,14
896,2552596,7189943,U1027,Mexican Beef and Cheese Wontons with Salsa,2,2,2,8
897,817513,7189943,U1138,Mexican-style Lasagna,2,2,2,7
898,9635009,7189943,U1090,Mexican Ham and Bean Soup,2,2,2,10
899,5613349,7189943,U1090,Mexican Style Jalapeno Burger,2,2,2,10
900,5257024,7189943,U1090,Layered Chicken and Black Bean Enchilada Casserole,2,2,2,9
901,5430038,7270622,U1116,Cilantro-Lime Rice,1,2,2,7
902,213517,7270622,U1024,Sherry's Wild West Soup,1,2,2,13
903,3341164,7270622,U1024,Cotija and Corn Tacos with Lime and Mango,1,2,2,7
904,2552596,7270622,U1056,Mexican Beef and Cheese Wontons with Salsa,1,2,2,9
905,817513,7270622,U1056,Mexican-style Lasagna,1,2,2,14
906,9635009,7270622,U1132,Mexican Ham and Bean Soup,1,2,2,12
907,5613349,7270622,U1076,Mexican Style Jalapeno Burger,1,2,2,8
908,5257024,7270622,U1132,Layered Chicken and Black Bean Enchilada Casserole,1,2,2,8
909,9396622,7270622,U1024,Mexican Bean Pizza,1,2,2,11
910,5430038,2010044,U1083,Cilantro-Lime Rice,1,1,1,10
911,5430038,2010044,U1083,Cilantro-Lime Rice,2,2,2,12
912,213517,2010044,U1048,Sherry's Wild West Soup,1,1,1,8
913,213517,2010044,U1083,Sherry's Wild West Soup,2,2,2,10
914,3341164,2010044,U1048,Cotija and Corn Tacos with Lime and Mango,1,1,1,13
915,3341164,2010044,U1083,Cotija and Corn Tacos with Lime and Mango,2,2,2,11
916,2208462,6134876,U1084,Bramblewood Blackberry Pie,1,2,2,11
917,5436564,6134876,U1084,Roasted Vegetables,1,2,2,14
918,2186602,6134876,U1034,Grilled Salmon and Spinach Salad with Peach Dressing,1,2,2,9
919,2662619,6134876,U1095,Cowboy Nachos,1,2,2,14
920,4252503,6134876,U1034,The Munroe Melt,1,2,2,11
921,1970456,6134876,U1095,Roasted-Garlic Mashed Potatoes,1,2,2,13
922,5430038,2230542,U1050,Cilantro-Lime Rice,1,1,1,2
923,5430038,2230542,U1021,Cilantro-Lime Rice,1,1,1,6
924,213517,2230542,U1021,Sherry's Wild West Soup,1,1,1,6
925,213517,2230542,U1023,Sherry's Wild West Soup,1,1,1,3
926,3341164,2230542,U1023,Cotija and Corn Tacos with Lime and Mango,1,1,1,4
927,3341164,2230542,U1068,Cotija and Corn Tacos with Lime and Mango,1,1,1,5
928,2552596,2230542,U1060,Mexican Beef and Cheese Wontons with Salsa,1,1,1,3
929,2552596,2230542,U1050,Mexican Beef and Cheese Wontons with Salsa,1,1,1,6
930,817513,2230542,U1068,Mexican-style Lasagna,1,1,1,5
931,817513,2230542,U1021,Mexican-style Lasagna,1,1,1,6
932,9635009,2230542,U1050,Mexican Ham and Bean Soup,1,1,1,5
933,3035102,6852953,U1048,Udon-Beef Noodle Bowl,1,2,2,8
934,9985242,6852953,U1083,Fettuccine Carbonara,1,2,2,10
935,9948063,6852953,U1003,Sushi Deviled Eggs | Elegant Appetizers,1,2,2,12
936,9085026,6852953,U1048,Yaki Udon With Beef,1,2,2,12
937,1593462,6852953,U1003,Udon Noodles with Bay Scallops and Baby Bok Choy,1,2,2,7
938,3121700,6852953,U1048,Miso Soup,1,2,2,7
939,3952455,6852953,U1083,Grilled Teriyaki-Glazed Salmon,1,2,2,9
940,3885547,6852953,U1083,Negimaki,1,2,2,12
941,2929996,6852953,U1083,Japanese Beef and Vegetable Hot Pot (Sukiyaki),1,2,2,11
942,8502390,6852953,U1003,Miso-Glazed Sea Bass,1,2,2,7
943,5430038,828039,U1066,Cilantro-Lime Rice,2,2,2,12
944,213517,828039,U1093,Sherry's Wild West Soup,2,2,2,12
945,3341164,828039,U1030,Cotija and Corn Tacos with Lime and Mango,2,2,2,9
946,2552596,828039,U1030,Mexican Beef and Cheese Wontons with Salsa,2,2,2,14
947,817513,828039,U1030,Mexican-style Lasagna,2,2,2,13
948,9635009,828039,U1133,Mexican Ham and Bean Soup,2,2,2,13
949,5613349,828039,U1066,Mexican Style Jalapeno Burger,2,2,2,13
950,5257024,828039,U1066,Layered Chicken and Black Bean Enchilada Casserole,2,2,2,12
951,5430038,7665918,U1026,Cilantro-Lime Rice,2,2,2,4
952,5430038,7665918,U1026,Cilantro-Lime Rice,2,2,2,4
953,5430038,7665918,U1065,Cilantro-Lime Rice,0,2,0,11
954,213517,7665918,U1065,Sherry's Wild West Soup,2,2,2,5
955,213517,7665918,U1026,Sherry's Wild West Soup,2,2,2,5
956,213517,7665918,U1129,Sherry's Wild West Soup,0,2,0,14
957,3341164,7665918,U1065,Cotija and Corn Tacos with Lime and Mango,2,2,2,2
958,3341164,7665918,U1026,Cotija and Corn Tacos with Lime and Mango,2,2,2,2
959,3341164,7665918,U1026,Cotija and Corn Tacos with Lime and Mango,0,2,0,12
960,2552596,7665918,U1026,Mexican Beef and Cheese Wontons with Salsa,2,2,2,3
961,2552596,7665918,U1065,Mexican Beef and Cheese Wontons with Salsa,2,2,2,3
962,2552596,7665918,U1065,Mexican Beef and Cheese Wontons with Salsa,0,2,0,11
963,817513,7665918,U1065,Mexican-style Lasagna,2,2,2,6
964,817513,7665918,U1026,Mexican-style Lasagna,2,2,2,6
965,817513,7665918,U1129,Mexican-style Lasagna,0,2,0,7
966,5430038,1153571,U1123,Cilantro-Lime Rice,0,0,0,3
967,5430038,1153571,U1068,Cilantro-Lime Rice,2,2,1,3
968,213517,1153571,U1021,Sherry's Wild West Soup,0,0,0,3
969,5430038,8825768,U1070,Cilantro-Lime Rice,1,2,1,10
970,213517,8825768,U1082,Sherry's Wild West Soup,1,2,1,13
971,5430038,8090349,U1134,Cilantro-Lime Rice,2,2,2,12
972,213517,8090349,U1083,Sherry's Wild West Soup,2,2,2,10
973,3341164,8090349,U1134,Cotija and Corn Tacos with Lime and Mango,2,2,2,11
974,5430038,5200338,U1093,Cilantro-Lime Rice,2,2,2,12
975,213517,5200338,U1133,Sherry's Wild West Soup,2,2,2,12
976,3341164,5200338,U1133,Cotija and Corn Tacos with Lime and Mango,2,2,2,9
977,2552596,5200338,U1093,Mexican Beef and Cheese Wontons with Salsa,2,2,2,14
978,817513,5200338,U1093,Mexican-style Lasagna,2,2,2,13
979,9635009,5200338,U1093,Mexican Ham and Bean Soup,2,2,2,13
980,5613349,5200338,U1093,Mexican Style Jalapeno Burger,2,2,2,13
981,5257024,5200338,U1133,Layered Chicken and Black Bean Enchilada Casserole,2,2,2,12
982,9396622,5200338,U1030,Mexican Bean Pizza,2,2,2,9
983,6186658,5200338,U1066,Lobster and Crab Enchiladas,2,2,2,12
984,5430038,3959301,U1103,Cilantro-Lime Rice,0,0,0,3
985,5430038,3959301,U1068,Cilantro-Lime Rice,1,1,1,6
986,5430038,3959301,U1103,Cilantro-Lime Rice,1,2,1,10
987,213517,3959301,U1103,Sherry's Wild West Soup,0,0,0,3
988,213517,3959301,U1031,Sherry's Wild West Soup,1,1,1,3
989,213517,3959301,U1031,Sherry's Wild West Soup,1,2,1,13
990,3341164,3959301,U1103,Cotija and Corn Tacos with Lime and Mango,0,0,0,2
991,3341164,3959301,U1031,Cotija and Corn Tacos with Lime and Mango,1,1,1,5
992,2208462,5434450,U1118,Bramblewood Blackberry Pie,1,2,1,6
993,5436564,5434450,U1035,Roasted Vegetables,1,2,1,2
994,2186602,5434450,U1044,Grilled Salmon and Spinach Salad with Peach Dressing,1,2,1,4
995,2662619,5434450,U1118,Cowboy Nachos,1,2,1,5
996,4252503,5434450,U1118,The Munroe Melt,1,2,1,4
997,1970456,5434450,U1118,Roasted-Garlic Mashed Potatoes,1,2,1,3
998,7512788,5434450,U1118,Dave's BBQ Sauce,1,2,1,4
999,4798509,5434450,U1035,Curried Chicken Salad,1,2,1,4
1000,9580009,5434450,U1044,Lemon Asparagus,1,2,1,2
1001,3071025,3670347,U1066,Lemongrass Beef and Onions over Rice Vermicelli (Bun Bo),2,2,2,13
1002,3035102,9793837,U1048,Udon-Beef Noodle Bowl,2,2,2,12
1003,9985242,9793837,U1095,Fettuccine Carbonara,2,2,2,9
1004,9948063,9793837,U1095,Sushi Deviled Eggs | Elegant Appetizers,2,2,2,12
1005,9085026,9793837,U1083,Yaki Udon With Beef,2,2,2,14
1006,1593462,9793837,U1083,Udon Noodles with Bay Scallops and Baby Bok Choy,2,2,2,8
1007,3121700,9793837,U1048,Miso Soup,2,2,2,11
1008,3952455,9793837,U1083,Grilled Teriyaki-Glazed Salmon,2,2,2,9
1009,3885547,9793837,U1048,Negimaki,2,2,2,13
1010,2929996,9793837,U1095,Japanese Beef and Vegetable Hot Pot (Sukiyaki),2,2,2,10
1011,5430038,9966595,U1083,Cilantro-Lime Rice,1,1,1,10
1012,5430038,9966595,U1048,Cilantro-Lime Rice,2,2,2,12
1013,213517,9966595,U1003,Sherry's Wild West Soup,1,1,1,8
1014,213517,9966595,U1083,Sherry's Wild West Soup,2,2,2,10
1015,3341164,9966595,U1003,Cotija and Corn Tacos with Lime and Mango,1,1,1,13
1016,3341164,9966595,U1083,Cotija and Corn Tacos with Lime and Mango,2,2,2,11
1017,2552596,9966595,U1048,Mexican Beef and Cheese Wontons with Salsa,1,1,1,14
1018,2552596,9966595,U1083,Mexican Beef and Cheese Wontons with Salsa,2,2,2,10
1019,817513,9966595,U1003,Mexican-style Lasagna,1,1,1,9
1020,817513,9966595,U1003,Mexican-style Lasagna,2,2,2,9
1021,9635009,9966595,U1003,Mexican Ham and Bean Soup,1,1,1,14
1022,9635009,9966595,U1083,Mexican Ham and Bean Soup,2,2,2,14
1023,5613349,9966595,U1083,Mexican Style Jalapeno Burger,1,1,1,8
1024,5613349,9966595,U1048,Mexican Style Jalapeno Burger,2,2,2,12
1025,5257024,9966595,U1083,Layered Chicken and Black Bean Enchilada Casserole,1,1,1,11
1026,5430038,1778290,U1123,Cilantro-Lime Rice,0,0,0,6
1027,5430038,1778290,U1123,Cilantro-Lime Rice,2,2,1,6
1028,5430038,1778290,U1070,Cilantro-Lime Rice,1,2,0,8
1029,213517,1778290,U1123,Sherry's Wild West Soup,0,0,0,4
1030,213517,1778290,U1082,Sherry's Wild West Soup,2,2,1,6
1031,213517,1778290,U1123,Sherry's Wild West Soup,1,2,0,11
1032,3341164,1778290,U1123,Cotija and Corn Tacos with Lime and Mango,0,0,0,6
1033,3341164,1778290,U1070,Cotija and Corn Tacos with Lime and Mango,2,2,1,2
1034,3341164,1778290,U1070,Cotija and Corn Tacos with Lime and Mango,1,2,0,12
1035,2552596,1778290,U1082,Mexican Beef and Cheese Wontons with Salsa,0,0,0,2
1036,2552596,1778290,U1123,Mexican Beef and Cheese Wontons with Salsa,2,2,1,6
1037,2552596,1778290,U1082,Mexican Beef and Cheese Wontons with Salsa,1,2,0,9
1038,817513,1778290,U1123,Mexican-style Lasagna,0,0,0,4
1039,817513,1778290,U1123,Mexican-style Lasagna,2,2,1,5
1040,817513,1778290,U1082,Mexican-style Lasagna,1,2,0,10
1041,5430038,8547396,U1067,Cilantro-Lime Rice,1,2,2,3
1042,5430038,8547396,U1067,Cilantro-Lime Rice,2,2,2,9
1043,213517,8547396,U1107,Sherry's Wild West Soup,1,2,2,3
1044,213517,8547396,U1123,Sherry's Wild West Soup,2,2,2,11
1045,3341164,8547396,U1107,Cotija and Corn Tacos with Lime and Mango,1,2,2,6
1046,3341164,8547396,U1103,Cotija and Corn Tacos with Lime and Mango,2,2,2,11
1047,2552596,8547396,U1103,Mexican Beef and Cheese Wontons with Salsa,1,2,2,4
1048,2552596,8547396,U1067,Mexican Beef and Cheese Wontons with Salsa,2,2,2,13
1049,817513,8547396,U1107,Mexican-style Lasagna,1,2,2,4
1050,817513,8547396,U1107,Mexican-style Lasagna,2,2,2,13
1051,9635009,8547396,U1063,Mexican Ham and Bean Soup,1,2,2,6
1052,9635009,8547396,U1103,Mexican Ham and Bean Soup,2,2,2,9
1053,5613349,8547396,U1063,Mexican Style Jalapeno Burger,1,2,2,2
1054,5613349,8547396,U1063,Mexican Style Jalapeno Burger,2,2,2,7
1055,5430038,3693357,U1069,Cilantro-Lime Rice,1,0,2,11
1056,213517,3693357,U1120,Sherry's Wild West Soup,1,0,2,11
1057,3341164,3693357,U1120,Cotija and Corn Tacos with Lime and Mango,1,0,2,12
1058,2552596,3693357,U1069,Mexican Beef and Cheese Wontons with Salsa,1,0,2,7
1059,817513,3693357,U1037,Mexican-style Lasagna,1,0,2,7
1060,9635009,3693357,U1037,Mexican Ham and Bean Soup,1,0,2,11
1061,5613349,3693357,U1037,Mexican Style Jalapeno Burger,1,0,2,9
1062,5430038,8596282,U1031,Cilantro-Lime Rice,0,2,0,11
1063,213517,8596282,U1065,Sherry's Wild West Soup,0,2,0,14
1064,3341164,8596282,U1026,Cotija and Corn Tacos with Lime and Mango,0,2,0,12
1065,2552596,8596282,U1026,Mexican Beef and Cheese Wontons with Salsa,0,2,0,11
1066,817513,8596282,U1026,Mexican-style Lasagna,0,2,0,7
1067,9635009,8596282,U1031,Mexican Ham and Bean Soup,0,2,0,10
1068,5613349,8596282,U1065,Mexican Style Jalapeno Burger,0,2,0,11
1069,5257024,8596282,U1065,Layered Chicken and Black Bean Enchilada Casserole,0,2,0,14
1070,5430038,7962883,U1089,Cilantro-Lime Rice,2,2,2,12
1071,213517,7962883,U1009,Sherry's Wild West Soup,2,2,2,13
1072,3341164,7962883,U1053,Cotija and Corn Tacos with Lime and Mango,2,2,2,13
1073,2552596,7962883,U1134,Mexican Beef and Cheese Wontons with Salsa,2,2,2,11
1074,817513,7962883,U1009,Mexican-style Lasagna,2,2,2,11
1075,9635009,7962883,U1029,Mexican Ham and Bean Soup,2,2,2,8
1076,5613349,7962883,U1106,Mexican Style Jalapeno Burger,2,2,2,14
1077,5257024,7962883,U1053,Layered Chicken and Black Bean Enchilada Casserole,2,2,2,7
1078,9396622,7962883,U1029,Mexican Bean Pizza,2,2,2,13
1079,6186658,7962883,U1009,Lobster and Crab Enchiladas,2,2,2,7
1080,7668584,7962883,U1055,Sweet and Spicy Chinese Takeout Chicken,2,1,2,10
1081,3035102,9904212,U1030,Udon-Beef Noodle Bowl,2,2,2,7
1082,9985242,9904212,U1093,Fettuccine Carbonara,2,2,2,14
1083,9948063,9904212,U1030,Sushi Deviled Eggs | Elegant Appetizers,2,2,2,13
1084,9085026,9904212,U1030,Yaki Udon With Beef,2,2,2,10
1085,1593462,9904212,U1066,Udon Noodles with Bay Scallops and Baby Bok Choy,2,2,2,13
1086,3121700,9904212,U1066,Miso Soup,2,2,2,8
1087,3952455,9904212,U1093,Grilled Teriyaki-Glazed Salmon,2,2,2,8
1088,3885547,9904212,U1093,Negimaki,2,2,2,12
1089,2929996,9904212,U1093,Japanese Beef and Vegetable Hot Pot (Sukiyaki),2,2,2,9
1090,8502390,9904212,U1030,Miso-Glazed Sea Bass,2,2,2,8
1091,5430038,654250,U1069,Cilantro-Lime Rice,0,0,0,9
1092,5430038,654250,U1069,Cilantro-Lime Rice,0,0,0,9
1093,213517,654250,U1069,Sherry's Wild West Soup,0,0,0,7
1094,213517,654250,U1069,Sherry's Wild West Soup,0,0,0,7
1095,3341164,654250,U1069,Cotija and Corn Tacos with Lime and Mango,0,0,0,8
1096,3341164,654250,U1069,Cotija and Corn Tacos with Lime and Mango,0,0,0,8
1097,2552596,654250,U1069,Mexican Beef and Cheese Wontons with Salsa,0,0,0,8
1098,2552596,654250,U1008,Mexican Beef and Cheese Wontons with Salsa,0,0,0,8
1099,817513,654250,U1069,Mexican-style Lasagna,0,0,0,12
1100,817513,654250,U1052,Mexican-style Lasagna,0,0,0,12
1101,9635009,654250,U1069,Mexican Ham and Bean Soup,0,0,0,7
1102,9635009,654250,U1008,Mexican Ham and Bean Soup,0,0,0,7
1103,5613349,654250,U1069,Mexican Style Jalapeno Burger,0,0,0,12
1104,5613349,654250,U1069,Mexican Style Jalapeno Burger,0,0,0,12
1105,5257024,654250,U1069,Layered Chicken and Black Bean Enchilada Casserole,0,0,0,9
1106,5430038,5303210,U1090,Cilantro-Lime Rice,2,2,2,11
1107,213517,5303210,U1027,Sherry's Wild West Soup,2,2,2,7
1108,3341164,5303210,U1138,Cotija and Corn Tacos with Lime and Mango,2,2,2,14
1109,2552596,5303210,U1027,Mexican Beef and Cheese Wontons with Salsa,2,2,2,8
1110,5430038,9000916,U1065,Cilantro-Lime Rice,2,2,2,4
1111,5430038,9000916,U1026,Cilantro-Lime Rice,0,2,0,11
1112,213517,9000916,U1065,Sherry's Wild West Soup,2,2,2,5
1113,213517,9000916,U1039,Sherry's Wild West Soup,0,2,0,14
1114,3341164,9000916,U1039,Cotija and Corn Tacos with Lime and Mango,2,2,2,2
1115,7668584,6473654,U1135,Sweet and Spicy Chinese Takeout Chicken,1,1,2,42
1116,2199744,6473654,U1114,Easy Chinese Soy Sauce Chicken,1,1,2,21
1117,8633036,6473654,U1091,MAMA’S BRAISED CHICKEN LEGS ON RICE W/ FRIED CHILI CAPERS,1,1,2,48
1118,5430038,2010044,U1083,Cilantro-Lime Rice,1,1,1,10
1119,5430038,2010044,U1083,Cilantro-Lime Rice,2,2,2,12
1120,213517,2010044,U1048,Sherry's Wild West Soup,1,1,1,8
1121,213517,2010044,U1048,Sherry's Wild West Soup,2,2,2,10
1122,3341164,2010044,U1003,Cotija and Corn Tacos with Lime and Mango,1,1,1,13
1123,3341164,2010044,U1003,Cotija and Corn Tacos with Lime and Mango,2,2,2,11
1124,2552596,2010044,U1048,Mexican Beef and Cheese Wontons with Salsa,1,1,1,14
1125,2552596,2010044,U1003,Mexican Beef and Cheese Wontons with Salsa,2,2,2,10
1126,817513,2010044,U1003,Mexican-style Lasagna,1,1,1,9
1127,817513,2010044,U1003,Mexican-style Lasagna,2,2,2,9
1128,9635009,2010044,U1048,Mexican Ham and Bean Soup,1,1,1,14
1129,9635009,2010044,U1048,Mexican Ham and Bean Soup,2,2,2,14
1130,5613349,2010044,U1048,Mexican Style Jalapeno Burger,1,1,1,8
1131,5430038,54171,U1123,Cilantro-Lime Rice,0,0,0,3
1132,5430038,54171,U1068,Cilantro-Lime Rice,2,2,1,3
1133,5430038,7270622,U1024,Cilantro-Lime Rice,1,2,2,7
1134,213517,7270622,U1056,Sherry's Wild West Soup,1,2,2,13
1135,3341164,7270622,U1116,Cotija and Corn Tacos with Lime and Mango,1,2,2,7
1136,5430038,5813671,U1118,Cilantro-Lime Rice,2,1,2,4
1137,5430038,5813671,U1044,Cilantro-Lime Rice,1,2,1,8
1138,5430038,5813671,U1044,Cilantro-Lime Rice,1,2,1,8
1139,5430038,8800176,U1080,Cilantro-Lime Rice,2,2,1,6
1140,5430038,8800176,U1050,Cilantro-Lime Rice,1,1,0,13
1141,213517,8800176,U1050,Sherry's Wild West Soup,2,2,1,6
1142,213517,8800176,U1082,Sherry's Wild West Soup,1,1,0,11
1143,3341164,8800176,U1080,Cotija and Corn Tacos with Lime and Mango,2,2,1,2
1144,3341164,8800176,U1123,Cotija and Corn Tacos with Lime and Mango,1,1,0,12
1145,2552596,8800176,U1082,Mexican Beef and Cheese Wontons with Salsa,2,2,1,6
1146,2552596,8800176,U1050,Mexican Beef and Cheese Wontons with Salsa,1,1,0,11
1147,817513,8800176,U1070,Mexican-style Lasagna,2,2,1,5
1148,817513,8800176,U1082,Mexican-style Lasagna,1,1,0,8
1149,5430038,2776886,U1035,Cilantro-Lime Rice,1,2,1,8
1150,213517,2776886,U1118,Sherry's Wild West Soup,1,2,1,13
1151,3341164,2776886,U1118,Cotija and Corn Tacos with Lime and Mango,1,2,1,13
1152,2552596,2776886,U1044,Mexican Beef and Cheese Wontons with Salsa,1,2,1,10
1153,817513,2776886,U1044,Mexican-style Lasagna,1,2,1,11
1154,9635009,2776886,U1118,Mexican Ham and Bean Soup,1,2,1,10
1155,5613349,2776886,U1118,Mexican Style Jalapeno Burger,1,2,1,7
1156,5257024,2776886,U1044,Layered Chicken and Black Bean Enchilada Casserole,1,2,1,8
1157,9396622,2776886,U1035,Mexican Bean Pizza,1,2,1,9
1158,6186658,2776886,U1044,Lobster and Crab Enchiladas,1,2,1,12
1159,5430038,3235101,U1023,Cilantro-Lime Rice,2,2,2,5
1160,5430038,3235101,U1080,Cilantro-Lime Rice,2,2,2,5
1161,5430038,3235101,U1021,Cilantro-Lime Rice,0,0,0,6
1162,213517,3235101,U1021,Sherry's Wild West Soup,2,2,2,6
1163,213517,3235101,U1023,Sherry's Wild West Soup,2,2,2,6
1164,213517,3235101,U1023,Sherry's Wild West Soup,0,0,0,3
1165,3341164,3235101,U1021,Cotija and Corn Tacos with Lime and Mango,2,2,2,5
1166,3341164,3235101,U1021,Cotija and Corn Tacos with Lime and Mango,2,2,2,5
1167,3341164,3235101,U1023,Cotija and Corn Tacos with Lime and Mango,0,0,0,4
1168,2552596,3235101,U1021,Mexican Beef and Cheese Wontons with Salsa,2,2,2,3
1169,2552596,3235101,U1023,Mexican Beef and Cheese Wontons with Salsa,2,2,2,3
1170,2552596,3235101,U1023,Mexican Beef and Cheese Wontons with Salsa,0,0,0,3
1171,5430038,9165347,U1050,Cilantro-Lime Rice,0,0,0,13
1172,213517,9165347,U1082,Sherry's Wild West Soup,0,0,0,13
1173,3341164,9165347,U1123,Cotija and Corn Tacos with Lime and Mango,0,0,0,10
1174,2552596,9165347,U1123,Mexican Beef and Cheese Wontons with Salsa,0,0,0,13
1175,5430038,1515727,U1084,Cilantro-Lime Rice,0,0,0,2
1176,5430038,1515727,U1084,Cilantro-Lime Rice,1,1,1,10
1177,213517,1515727,U1084,Sherry's Wild West Soup,0,0,0,5
1178,213517,1515727,U1114,Sherry's Wild West Soup,1,1,1,8
1179,3341164,1515727,U1083,Cotija and Corn Tacos with Lime and Mango,0,0,0,2
1180,3341164,1515727,U1096,Cotija and Corn Tacos with Lime and Mango,1,1,1,13
1181,2552596,1515727,U1083,Mexican Beef and Cheese Wontons with Salsa,0,0,0,2
1182,2552596,1515727,U1089,Mexican Beef and Cheese Wontons with Salsa,1,1,1,14
1183,817513,1515727,U1095,Mexican-style Lasagna,0,0,0,5
1184,5430038,487686,U1133,Cilantro-Lime Rice,2,2,2,12
1185,213517,487686,U1030,Sherry's Wild West Soup,2,2,2,12
1186,3341164,487686,U1093,Cotija and Corn Tacos with Lime and Mango,2,2,2,9
1187,2552596,487686,U1093,Mexican Beef and Cheese Wontons with Salsa,2,2,2,14
1188,817513,487686,U1133,Mexican-style Lasagna,2,2,2,13
1189,5430038,8904264,U1103,Cilantro-Lime Rice,0,0,0,3
1190,5430038,8904264,U1103,Cilantro-Lime Rice,1,1,1,2
1191,5430038,8904264,U1067,Cilantro-Lime Rice,1,1,1,2
1192,213517,8904264,U1067,Sherry's Wild West Soup,0,0,0,3
1193,213517,8904264,U1103,Sherry's Wild West Soup,1,1,1,6
1194,213517,8904264,U1068,Sherry's Wild West Soup,1,1,1,3
1195,3341164,8904264,U1068,Cotija and Corn Tacos with Lime and Mango,0,0,0,2
1196,3341164,8904264,U1068,Cotija and Corn Tacos with Lime and Mango,1,1,1,4
1197,3341164,8904264,U1103,Cotija and Corn Tacos with Lime and Mango,1,1,1,2
1198,2552596,8904264,U1068,Mexican Beef and Cheese Wontons with Salsa,0,0,0,2
1199,2552596,8904264,U1067,Mexican Beef and Cheese Wontons with Salsa,1,1,1,3
1200,2552596,8904264,U1068,Mexican Beef and Cheese Wontons with Salsa,1,1,1,6
1201,817513,8904264,U1103,Mexican-style Lasagna,0,0,0,6
1202,5430038,2860587,U1098,Cilantro-Lime Rice,1,2,2,4
1203,5430038,2860587,U1113,Cilantro-Lime Rice,2,1,0,12
1204,213517,2860587,U1089,Sherry's Wild West Soup,1,2,2,3
1205,213517,2860587,U1134,Sherry's Wild West Soup,2,1,0,9
1206,3341164,2860587,U1134,Cotija and Corn Tacos with Lime and Mango,1,2,2,2
1207,5430038,3307340,U1027,Cilantro-Lime Rice,2,2,2,11
1208,213517,3307340,U1138,Sherry's Wild West Soup,2,2,2,7
1209,3341164,3307340,U1138,Cotija and Corn Tacos with Lime and Mango,2,2,2,14
1210,2552596,3307340,U1027,Mexican Beef and Cheese Wontons with Salsa,2,2,2,8
1211,817513,3307340,U1138,Mexican-style Lasagna,2,2,2,7
1212,9635009,3307340,U1138,Mexican Ham and Bean Soup,2,2,2,10
1213,5613349,3307340,U1090,Mexican Style Jalapeno Burger,2,2,2,10
1214,5430038,4668716,U1026,Cilantro-Lime Rice,0,0,0,3
1215,213517,4668716,U1065,Sherry's Wild West Soup,0,0,0,2
1216,3341164,4668716,U1031,Cotija and Corn Tacos with Lime and Mango,0,0,0,6
1217,2552596,4668716,U1031,Mexican Beef and Cheese Wontons with Salsa,0,0,0,4
1218,817513,4668716,U1026,Mexican-style Lasagna,0,0,0,2
1219,9635009,4668716,U1026,Mexican Ham and Bean Soup,0,0,0,6
1220,5430038,4825286,U1129,Cilantro-Lime Rice,2,2,2,4
1221,5430038,4825286,U1065,Cilantro-Lime Rice,2,2,2,4
1222,5430038,4825286,U1129,Cilantro-Lime Rice,0,2,0,11
1223,5430038,4801951,U1111,Cilantro-Lime Rice,1,0,2,11
1224,213517,4801951,U1111,Sherry's Wild West Soup,1,0,2,11
1225,3341164,4801951,U1037,Cotija and Corn Tacos with Lime and Mango,1,0,2,12
1226,2552596,4801951,U1069,Mexican Beef and Cheese Wontons with Salsa,1,0,2,7
1227,817513,4801951,U1037,Mexican-style Lasagna,1,0,2,7
1228,9635009,4801951,U1120,Mexican Ham and Bean Soup,1,0,2,11
1229,5613349,4801951,U1069,Mexican Style Jalapeno Burger,1,0,2,9
1230,5257024,4801951,U1120,Layered Chicken and Black Bean Enchilada Casserole,1,0,2,7
1231,9396622,4801951,U1069,Mexican Bean Pizza,1,0,2,9
1232,2208462,6695261,U1027,Bramblewood Blackberry Pie,2,1,0,2
1233,5436564,6695261,U1137,Roasted Vegetables,2,1,0,6
1234,2186602,6695261,U1027,Grilled Salmon and Spinach Salad with Peach Dressing,2,1,0,5
1235,2662619,6695261,U1137,Cowboy Nachos,2,1,0,6
1236,4252503,6695261,U1114,The Munroe Melt,2,1,0,6
1237,1970456,6695261,U1027,Roasted-Garlic Mashed Potatoes,2,1,0,2
1238,7512788,6695261,U1137,Dave's BBQ Sauce,2,1,0,4
1239,4798509,6695261,U1033,Curried Chicken Salad,2,1,0,2
1240,5430038,6503871,U1134,Cilantro-Lime Rice,1,2,1,2
1241,213517,6503871,U1134,Sherry's Wild West Soup,1,2,1,3
1242,3341164,6503871,U1083,Cotija and Corn Tacos with Lime and Mango,1,2,1,2
1243,2552596,6503871,U1083,Mexican Beef and Cheese Wontons with Salsa,1,2,1,5
1244,5430038,4359822,U1067,Cilantro-Lime Rice,1,1,1,6
1245,213517,4359822,U1123,Sherry's Wild West Soup,1,1,1,3
1246,3341164,4359822,U1068,Cotija and Corn Tacos with Lime and Mango,1,1,1,5
1247,2552596,4359822,U1068,Mexican Beef and Cheese Wontons with Salsa,1,1,1,6
1248,817513,4359822,U1068,Mexican-style Lasagna,1,1,1,6
1249,9635009,4359822,U1068,Mexican Ham and Bean Soup,1,1,1,2
1250,5613349,4359822,U1068,Mexican Style Jalapeno Burger,1,1,1,4
1251,5257024,4359822,U1123,Layered Chicken and Black Bean Enchilada Casserole,1,1,1,5
1252,9396622,4359822,U1103,Mexican Bean Pizza,1,1,1,4
1253,6186658,4359822,U1123,Lobster and Crab Enchiladas,1,1,1,6
1254,5430038,9815512,U1107,Cilantro-Lime Rice,1,2,2,3
1255,5430038,9815512,U1103,Cilantro-Lime Rice,2,2,2,9
1256,213517,9815512,U1123,Sherry's Wild West Soup,1,2,2,3
1257,5430038,7189943,U1090,Cilantro-Lime Rice,2,2,2,11
1258,213517,7189943,U1090,Sherry's Wild West Soup,2,2,2,7
1259,3341164,7189943,U1090,Cotija and Corn Tacos with Lime and Mango,2,2,2,14
1260,2552596,7189943,U1138,Mexican Beef and Cheese Wontons with Salsa,2,2,2,8
1261,7668584,3872213,U1083,Sweet and Spicy Chinese Takeout Chicken,1,2,2,13
1262,2199744,3872213,U1046,Easy Chinese Soy Sauce Chicken,1,2,2,8
1263,8633036,3872213,U1083,MAMA’S BRAISED CHICKEN LEGS ON RICE W/ FRIED CHILI CAPERS,1,2,2,8
1264,129016,3872213,U1134,Sesame Beef and Asian Vegetable Stir-Fry,1,2,2,9
1265,9378776,3872213,U1046,Fried Rice,1,2,2,8
1266,5426133,3872213,U1083,The Best Chinese Sesame Chicken,1,2,2,11
1267,3215406,3872213,U1046,Chinese Chicken Salad,1,2,2,10
1268,4840546,3872213,U1134,Pot Stickers,1,2,2,11
1269,2208462,6819102,U1118,Bramblewood Blackberry Pie,1,2,1,6
1270,2208462,6819102,U1044,Bramblewood Blackberry Pie,1,2,1,6
1271,2208462,6819102,U1118,Bramblewood Blackberry Pie,1,2,1,6
1272,5436564,6819102,U1044,Roasted Vegetables,1,2,1,2
1273,5436564,6819102,U1044,Roasted Vegetables,1,2,1,2
1274,5436564,6819102,U1035,Roasted Vegetables,1,2,1,2
1275,2186602,6819102,U1044,Grilled Salmon and Spinach Salad with Peach Dressing,1,2,1,4
1276,2186602,6819102,U1044,Grilled Salmon and Spinach Salad with Peach Dressing,1,2,1,4
1277,2186602,6819102,U1118,Grilled Salmon and Spinach Salad with Peach Dressing,1,2,1,4
1278,2662619,6819102,U1044,Cowboy Nachos,1,2,1,5
1279,2662619,6819102,U1118,Cowboy Nachos,1,2,1,5
1280,2662619,6819102,U1044,Cowboy Nachos,1,2,1,5
1281,4252503,6819102,U1035,The Munroe Melt,1,2,1,4
1282,4252503,6819102,U1044,The Munroe Melt,1,2,1,4
1283,4252503,6819102,U1044,The Munroe Melt,1,2,1,4
1284,5430038,4042352,U1116,Cilantro-Lime Rice,0,2,2,9
1285,5430038,4042352,U1036,Cilantro-Lime Rice,0,2,2,9
1286,213517,4042352,U1071,Sherry's Wild West Soup,0,2,2,14
1287,213517,4042352,U1075,Sherry's Wild West Soup,0,2,2,14
1288,3341164,4042352,U1024,Cotija and Corn Tacos with Lime and Mango,0,2,2,14
1289,3341164,4042352,U1071,Cotija and Corn Tacos with Lime and Mango,0,2,2,14
1290,2552596,4042352,U1071,Mexican Beef and Cheese Wontons with Salsa,0,2,2,8
1291,2552596,4042352,U1116,Mexican Beef and Cheese Wontons with Salsa,0,2,2,8
1292,817513,4042352,U1075,Mexican-style Lasagna,0,2,2,14
1293,817513,4042352,U1071,Mexican-style Lasagna,0,2,2,14
1294,2208462,7184567,U1013,Bramblewood Blackberry Pie,1,2,2,11
1295,2208462,7184567,U1095,Bramblewood Blackberry Pie,1,2,2,11
1296,5430038,2085629,U1003,Cilantro-Lime Rice,2,2,2,3
1297,5430038,2085629,U1048,Cilantro-Lime Rice,1,1,1,10
1298,213517,2085629,U1003,Sherry's Wild West Soup,2,2,2,4
1299,213517,2085629,U1003,Sherry's Wild West Soup,1,1,1,8
1300,3341164,2085629,U1083,Cotija and Corn Tacos with Lime and Mango,2,2,2,6
1301,3341164,2085629,U1137,Cotija and Corn Tacos with Lime and Mango,1,1,1,13
1302,2552596,2085629,U1083,Mexican Beef and Cheese Wontons with Salsa,2,2,2,4
1303,2552596,2085629,U1003,Mexican Beef and Cheese Wontons with Salsa,1,1,1,14
1304,817513,2085629,U1083,Mexican-style Lasagna,2,2,2,2
1305,817513,2085629,U1083,Mexican-style Lasagna,1,1,1,9
1306,5430038,3594589,U1107,Cilantro-Lime Rice,1,1,1,6
1307,213517,3594589,U1123,Sherry's Wild West Soup,1,1,1,3
1308,3341164,3594589,U1067,Cotija and Corn Tacos with Lime and Mango,1,1,1,2
1309,2552596,3594589,U1123,Mexican Beef and Cheese Wontons with Salsa,1,1,1,5
1310,817513,3594589,U1107,Mexican-style Lasagna,1,1,1,2
1311,9635009,3594589,U1103,Mexican Ham and Bean Soup,1,1,1,3
1312,5613349,3594589,U1107,Mexican Style Jalapeno Burger,1,1,1,4
1313,5257024,3594589,U1123,Layered Chicken and Black Bean Enchilada Casserole,1,1,1,3
1314,9396622,3594589,U1123,Mexican Bean Pizza,1,1,1,3
1315,2208462,466093,U1069,Bramblewood Blackberry Pie,1,0,2,5
1316,5436564,466093,U1008,Roasted Vegetables,1,0,2,6
1317,2186602,466093,U1069,Grilled Salmon and Spinach Salad with Peach Dressing,1,0,2,5
1318,2662619,466093,U1052,Cowboy Nachos,1,0,2,4
1319,4252503,466093,U1008,The Munroe Melt,1,0,2,2
1320,1970456,466093,U1069,Roasted-Garlic Mashed Potatoes,1,0,2,2
1321,7512788,466093,U1052,Dave's BBQ Sauce,1,0,2,5
1322,7668584,8764874,U1018,Sweet and Spicy Chinese Takeout Chicken,2,1,2,10
1323,2199744,8764874,U1116,Easy Chinese Soy Sauce Chicken,2,1,2,14
1324,8633036,8764874,U1055,MAMA’S BRAISED CHICKEN LEGS ON RICE W/ FRIED CHILI CAPERS,2,1,2,13
1325,129016,8764874,U1116,Sesame Beef and Asian Vegetable Stir-Fry,2,1,2,12
1326,9378776,8764874,U1053,Fried Rice,2,1,2,7
1327,5426133,8764874,U1022,The Best Chinese Sesame Chicken,2,1,2,11
1328,3215406,8764874,U1053,Chinese Chicken Salad,2,1,2,7
1329,4840546,8764874,U1022,Pot Stickers,2,1,2,10
1330,3035102,3456435,U1095,Udon-Beef Noodle Bowl,2,2,2,9
1331,9985242,3456435,U1095,Fettuccine Carbonara,2,2,2,7
1332,9948063,3456435,U1095,Sushi Deviled Eggs | Elegant Appetizers,2,2,2,12
1333,5430038,7628522,U1076,Cilantro-Lime Rice,2,2,2,8
1334,5430038,7628522,U1076,Cilantro-Lime Rice,1,2,2,7
1335,213517,7628522,U1076,Sherry's Wild West Soup,2,2,2,13
1336,213517,7628522,U1081,Sherry's Wild West Soup,1,2,2,13
1337,3341164,7628522,U1116,Cotija and Corn Tacos with Lime and Mango,2,2,2,8
1338,3341164,7628522,U1081,Cotija and Corn Tacos with Lime and Mango,1,2,2,7
1339,5430038,3548538,U1046,Cilantro-Lime Rice,1,1,1,10
1340,5430038,3548538,U1134,Cilantro-Lime Rice,2,1,1,14
1341,213517,3548538,U1046,Sherry's Wild West Soup,1,1,1,8
1342,213517,3548538,U1083,Sherry's Wild West Soup,2,1,1,12
1343,5430038,6493352,U1103,Cilantro-Lime Rice,0,0,0,3
1344,213517,6493352,U1103,Sherry's Wild West Soup,0,0,0,3
1345,3341164,6493352,U1067,Cotija and Corn Tacos with Lime and Mango,0,0,0,2
1346,2552596,6493352,U1082,Mexican Beef and Cheese Wontons with Salsa,0,0,0,2
1347,817513,6493352,U1103,Mexican-style Lasagna,0,0,0,6
1348,9635009,6493352,U1068,Mexican Ham and Bean Soup,0,0,0,5
1349,5613349,6493352,U1067,Mexican Style Jalapeno Burger,0,0,0,3
1350,5257024,6493352,U1103,Layered Chicken and Black Bean Enchilada Casserole,0,0,0,5
1351,9396622,6493352,U1082,Mexican Bean Pizza,0,0,0,5
1352,6186658,6493352,U1103,Lobster and Crab Enchiladas,0,0,0,3
1353,5430038,8090349,U1083,Cilantro-Lime Rice,2,2,2,12
1354,213517,8090349,U1134,Sherry's Wild West Soup,2,2,2,10
1355,3341164,8090349,U1046,Cotija and Corn Tacos with Lime and Mango,2,2,2,11
1356,2552596,8090349,U1083,Mexican Beef and Cheese Wontons with Salsa,2,2,2,10
1357,817513,8090349,U1083,Mexican-style Lasagna,2,2,2,9
1358,9635009,8090349,U1046,Mexican Ham and Bean Soup,2,2,2,14
1359,5613349,8090349,U1083,Mexican Style Jalapeno Burger,2,2,2,12
1360,5257024,8090349,U1134,Layered Chicken and Black Bean Enchilada Casserole,2,2,2,14
1361,9396622,8090349,U1083,Mexican Bean Pizza,2,2,2,9
1362,6186658,8090349,U1083,Lobster and Crab Enchiladas,2,2,2,14
1363,3035102,8090349,U1134,Udon-Beef Noodle Bowl,1,2,2,8
1364,9985242,8090349,U1046,Fettuccine Carbonara,1,2,2,10
1365,9948063,8090349,U1046,Sushi Deviled Eggs | Elegant Appetizers,1,2,2,12
1366,9085026,8090349,U1046,Yaki Udon With Beef,1,2,2,12
1367,5430038,3977660,U1083,Cilantro-Lime Rice,2,2,2,3
1368,5430038,3977660,U1083,Cilantro-Lime Rice,1,1,1,10
1369,213517,3977660,U1083,Sherry's Wild West Soup,2,2,2,4
1370,213517,3977660,U1137,Sherry's Wild West Soup,1,1,1,8
1371,3341164,3977660,U1083,Cotija and Corn Tacos with Lime and Mango,2,2,2,6
1372,3341164,3977660,U1003,Cotija and Corn Tacos with Lime and Mango,1,1,1,13
1373,2552596,3977660,U1003,Mexican Beef and Cheese Wontons with Salsa,2,2,2,4
1374,2552596,3977660,U1137,Mexican Beef and Cheese Wontons with Salsa,1,1,1,14
1375,817513,3977660,U1137,Mexican-style Lasagna,2,2,2,2
1376,5430038,4764208,U1103,Cilantro-Lime Rice,1,1,1,4
1377,5430038,4764208,U1123,Cilantro-Lime Rice,1,1,1,4
1378,5430038,4764208,U1103,Cilantro-Lime Rice,2,2,2,9
1379,213517,4764208,U1067,Sherry's Wild West Soup,1,1,1,5
1380,213517,4764208,U1103,Sherry's Wild West Soup,1,1,1,5
1381,213517,4764208,U1123,Sherry's Wild West Soup,2,2,2,11
1382,3341164,4764208,U1123,Cotija and Corn Tacos with Lime and Mango,1,1,1,5
1383,3341164,4764208,U1107,Cotija and Corn Tacos with Lime and Mango,1,1,1,5
1384,3341164,4764208,U1107,Cotija and Corn Tacos with Lime and Mango,2,2,2,11
1385,2552596,4764208,U1107,Mexican Beef and Cheese Wontons with Salsa,1,1,1,3
1386,5430038,3959301,U1031,Cilantro-Lime Rice,0,0,0,3
1387,5430038,3959301,U1031,Cilantro-Lime Rice,1,1,1,6
1388,5430038,3959301,U1103,Cilantro-Lime Rice,1,2,1,10
1389,213517,3959301,U1103,Sherry's Wild West Soup,0,0,0,3
1390,213517,3959301,U1103,Sherry's Wild West Soup,1,1,1,3
1391,213517,3959301,U1031,Sherry's Wild West Soup,1,2,1,13
1392,3341164,3959301,U1103,Cotija and Corn Tacos with Lime and Mango,0,0,0,2
1393,3341164,3959301,U1031,Cotija and Corn Tacos with Lime and Mango,1,1,1,5
1394,3341164,3959301,U1103,Cotija and Corn Tacos with Lime and Mango,1,2,1,8
1395,2552596,3959301,U1082,Mexican Beef and Cheese Wontons with Salsa,0,0,0,2
1396,5430038,4625314,U1083,Cilantro-Lime Rice,2,1,1,14
1397,213517,4625314,U1083,Sherry's Wild West Soup,2,1,1,12
1398,3341164,4625314,U1134,Cotija and Corn Tacos with Lime and Mango,2,1,1,13
1399,2552596,4625314,U1046,Mexican Beef and Cheese Wontons with Salsa,2,1,1,9
1400,817513,4625314,U1046,Mexican-style Lasagna,2,1,1,11
1401,524398,5458230,U1095,Pesto Tofu Pasta,1,1,0,6
1402,1902691,5458230,U1099,How To Make Panzanella (Italian Bread Salad),1,1,0,2
1403,5430038,8825768,U1082,Cilantro-Lime Rice,1,2,1,10
1404,213517,8825768,U1123,Sherry's Wild West Soup,1,2,1,13
1405,3341164,8825768,U1123,Cotija and Corn Tacos with Lime and Mango,1,2,1,8
1406,2552596,8825768,U1028,Mexican Beef and Cheese Wontons with Salsa,1,2,1,10
